stage,trial,metric_scope,prediction_horizon_min,test_rows,target_mean,mae,relative_mae,r2,n_estimators,max_depth,learning_rate,subsample,colsample_bytree,min_child_weight,reg_alpha,reg_lambda
baseline,0,validation,5.0,10033,0.24673761397355856,0.016244705739300452,0.06583797856228481,0.970367284038449,500,5,0.04,0.85,0.85,1,0.0,1.0
baseline,0,validation,10.0,10226,0.24492056776600468,0.020719156561775684,0.08459541291595656,0.9488021446154868,500,5,0.04,0.85,0.85,1,0.0,1.0
baseline,0,validation,15.0,10050,0.24787172644001382,0.021244665305677115,0.08570830409259456,0.9570595598092123,500,5,0.04,0.85,0.85,1,0.0,1.0
baseline,0,validation,20.0,10014,0.24464012772246985,0.022861022129176907,0.0934475563841735,0.952208350788701,500,5,0.04,0.85,0.85,1,0.0,1.0
baseline,0,validation,30.0,10182,0.24292622524049884,0.02664284398727296,0.10967463048049399,0.9395463276292491,500,5,0.04,0.85,0.85,1,0.0,1.0
baseline,0,validation,45.0,10105,0.24047493207258544,0.0313578071273795,0.13039948429183626,0.9224525641407356,500,5,0.04,0.85,0.85,1,0.0,1.0
baseline,0,validation,60.0,10084,0.24538690556167989,0.03729026109367822,0.15196516296712104,0.9070640491947771,500,5,0.04,0.85,0.85,1,0.0,1.0
baseline,0,validation,90.0,9989,0.23830317805463633,0.04474008958229618,0.18774441007261145,0.8836633168182602,500,5,0.04,0.85,0.85,1,0.0,1.0
baseline,0,validation,120.0,9948,0.24625713515464295,0.05126207083767852,0.20816481441436122,0.8699980828457847,500,5,0.04,0.85,0.85,1,0.0,1.0
stage1,1,validation,5.0,10033,0.24673761397355856,0.016328572647708175,0.06617788177791982,0.9717623887714404,1200,5,0.01,1.0,0.7,10,0.1,1.0
stage1,1,validation,10.0,10226,0.24492056776600468,0.020808004782532495,0.08495817632765049,0.9503858418886801,1200,5,0.01,1.0,0.7,10,0.1,1.0
stage1,1,validation,15.0,10050,0.24787172644001382,0.021492799880936424,0.08670936451535059,0.9580510149532395,1200,5,0.01,1.0,0.7,10,0.1,1.0
stage1,1,validation,20.0,10014,0.24464012772246985,0.022681323166929508,0.09271301228496809,0.9543295349106163,1200,5,0.01,1.0,0.7,10,0.1,1.0
stage1,1,validation,30.0,10182,0.24292622524049884,0.02661879417220138,0.10957562999156871,0.9415016427832673,1200,5,0.01,1.0,0.7,10,0.1,1.0
stage1,1,validation,45.0,10105,0.24047493207258544,0.0310359203804431,0.12906093833961518,0.9241746694865114,1200,5,0.01,1.0,0.7,10,0.1,1.0
stage1,1,validation,60.0,10084,0.24538690556167989,0.03717460402901998,0.15149383763542287,0.9077161278994278,1200,5,0.01,1.0,0.7,10,0.1,1.0
stage1,1,validation,90.0,9989,0.23830317805463633,0.044666848386276124,0.18743706546807049,0.8853899441449071,1200,5,0.01,1.0,0.7,10,0.1,1.0
stage1,1,validation,120.0,9948,0.24625713515464295,0.050769983818195266,0.20616654939282494,0.8715247647435704,1200,5,0.01,1.0,0.7,10,0.1,1.0
stage1,2,validation,5.0,10033,0.24673761397355856,0.016275393590662688,0.06596235299741054,0.9715269581685869,1200,5,0.01,1.0,0.7,5,1.0,10.0
stage1,2,validation,10.0,10226,0.24492056776600468,0.02074293732164836,0.08469250872170936,0.9502169314168886,1200,5,0.01,1.0,0.7,5,1.0,10.0
stage1,2,validation,15.0,10050,0.24787172644001382,0.02137916179925853,0.08625090931632493,0.9583150198180674,1200,5,0.01,1.0,0.7,5,1.0,10.0
stage1,2,validation,20.0,10014,0.24464012772246985,0.02256165482299092,0.0922238515530282,0.9541568467878936,1200,5,0.01,1.0,0.7,5,1.0,10.0
stage1,2,validation,30.0,10182,0.24292622524049884,0.026681927605732004,0.1098355172617394,0.9411615766974898,1200,5,0.01,1.0,0.7,5,1.0,10.0
stage1,2,validation,45.0,10105,0.24047493207258544,0.03104246526761196,0.12908815484452257,0.9238354756940956,1200,5,0.01,1.0,0.7,5,1.0,10.0
stage1,2,validation,60.0,10084,0.24538690556167989,0.03718083710681369,0.15151923865582143,0.9074453108095547,1200,5,0.01,1.0,0.7,5,1.0,10.0
stage1,2,validation,90.0,9989,0.23830317805463633,0.044656963874105546,0.18739558674230916,0.8852230489940403,1200,5,0.01,1.0,0.7,5,1.0,10.0
stage1,2,validation,120.0,9948,0.24625713515464295,0.0506966523782594,0.20586876537170484,0.8714589415601723,1200,5,0.01,1.0,0.7,5,1.0,10.0
stage1,3,validation,5.0,10033,0.24673761397355856,0.015182884437669533,0.06153453538420208,0.9703691445742972,500,8,0.08,1.0,0.7,10,0.01,1.0
stage1,3,validation,10.0,10226,0.24492056776600468,0.019735179051042537,0.08057787563965384,0.9481667457863235,500,8,0.08,1.0,0.7,10,0.01,1.0
stage1,3,validation,15.0,10050,0.24787172644001382,0.02090990750536737,0.08435777571601202,0.9561543095164937,500,8,0.08,1.0,0.7,10,0.01,1.0
stage1,3,validation,20.0,10014,0.24464012772246985,0.021762629971725973,0.08895772813041704,0.9539241211551366,500,8,0.08,1.0,0.7,10,0.01,1.0
stage1,3,validation,30.0,10182,0.24292622524049884,0.02662998111370076,0.10962168076887077,0.9384807607410324,500,8,0.08,1.0,0.7,10,0.01,1.0
stage1,3,validation,45.0,10105,0.24047493207258544,0.03125653677840578,0.12997835786464113,0.9237723089601335,500,8,0.08,1.0,0.7,10,0.01,1.0
stage1,3,validation,60.0,10084,0.24538690556167989,0.036778172156982335,0.14987829962971622,0.9076906454866526,500,8,0.08,1.0,0.7,10,0.01,1.0
stage1,3,validation,90.0,9989,0.23830317805463633,0.04458624255414607,0.18709881638222917,0.8834413795725061,500,8,0.08,1.0,0.7,10,0.01,1.0
stage1,3,validation,120.0,9948,0.24625713515464295,0.051614514783667485,0.20959601739561753,0.8698204317031579,500,8,0.08,1.0,0.7,10,0.01,1.0
stage1,4,validation,5.0,10033,0.24673761397355856,0.01923975444483103,0.0779765765542859,0.9693209280197128,1200,3,0.01,1.0,0.7,10,0.01,3.0
stage1,4,validation,10.0,10226,0.24492056776600468,0.023040549566197728,0.09407355934357665,0.9498413714085957,1200,3,0.01,1.0,0.7,10,0.01,3.0
stage1,4,validation,15.0,10050,0.24787172644001382,0.023525585736094062,0.09491032347244077,0.9576008069038213,1200,3,0.01,1.0,0.7,10,0.01,3.0
stage1,4,validation,20.0,10014,0.24464012772246985,0.02471092695854165,0.10100929552560885,0.9531186444418556,1200,3,0.01,1.0,0.7,10,0.01,3.0
stage1,4,validation,30.0,10182,0.24292622524049884,0.02836619845447332,0.11676877795466736,0.9400026140366669,1200,3,0.01,1.0,0.7,10,0.01,3.0
stage1,4,validation,45.0,10105,0.24047493207258544,0.03205481063955693,0.13329792990598055,0.9220533222314405,1200,3,0.01,1.0,0.7,10,0.01,3.0
stage1,4,validation,60.0,10084,0.24538690556167989,0.03774955192550992,0.1538368636219722,0.90524593424098,1200,3,0.01,1.0,0.7,10,0.01,3.0
stage1,4,validation,90.0,9989,0.23830317805463633,0.044343674239029095,0.18608091843769836,0.8821720044213153,1200,3,0.01,1.0,0.7,10,0.01,3.0
stage1,4,validation,120.0,9948,0.24625713515464295,0.049667370359059264,0.2016890610209912,0.8659728491788237,1200,3,0.01,1.0,0.7,10,0.01,3.0
stage1,5,validation,5.0,10033,0.24673761397355856,0.015086686628021706,0.061144656402645034,0.9698008416874682,1200,8,0.04,0.7,0.7,1,0.01,10.0
stage1,5,validation,10.0,10226,0.24492056776600468,0.019476177437144113,0.07952038334220878,0.9480564651400043,1200,8,0.04,0.7,0.7,1,0.01,10.0
stage1,5,validation,15.0,10050,0.24787172644001382,0.02038423789106581,0.08223704326358051,0.9548514321215991,1200,8,0.04,0.7,0.7,1,0.01,10.0
stage1,5,validation,20.0,10014,0.24464012772246985,0.02174095960615688,0.08886914754565836,0.953695776873428,1200,8,0.04,0.7,0.7,1,0.01,10.0
stage1,5,validation,30.0,10182,0.24292622524049884,0.02634430575619667,0.10844570498765872,0.9376436076277694,1200,8,0.04,0.7,0.7,1,0.01,10.0
stage1,5,validation,45.0,10105,0.24047493207258544,0.03090555130686457,0.12851880668183732,0.9244535836941036,1200,8,0.04,0.7,0.7,1,0.01,10.0
stage1,5,validation,60.0,10084,0.24538690556167989,0.036619140997086685,0.1492302163119384,0.9082302701449736,1200,8,0.04,0.7,0.7,1,0.01,10.0
stage1,5,validation,90.0,9989,0.23830317805463633,0.044623504083188624,0.18725517824591364,0.8837264320174426,1200,8,0.04,0.7,0.7,1,0.01,10.0
stage1,5,validation,120.0,9948,0.24625713515464295,0.051382248580012384,0.20865283171488896,0.8708610700564544,1200,8,0.04,0.7,0.7,1,0.01,10.0
stage1,6,validation,5.0,10033,0.24673761397355856,0.016993900239972548,0.06887438022235914,0.9706977809900235,800,3,0.08,0.85,0.85,3,1.0,3.0
stage1,6,validation,10.0,10226,0.24492056776600468,0.021495359813867628,0.08776461695288955,0.9492900289386366,800,3,0.08,0.85,0.85,3,1.0,3.0
stage1,6,validation,15.0,10050,0.24787172644001382,0.022040508518040177,0.08891900998387603,0.9575875743740399,800,3,0.08,0.85,0.85,3,1.0,3.0
stage1,6,validation,20.0,10014,0.24464012772246985,0.023235319176337803,0.09497754678536195,0.9532646750606428,800,3,0.08,0.85,0.85,3,1.0,3.0
stage1,6,validation,30.0,10182,0.24292622524049884,0.027501133978330424,0.11320776071461239,0.9399823951121156,800,3,0.08,0.85,0.85,3,1.0,3.0
stage1,6,validation,45.0,10105,0.24047493207258544,0.03202058146101155,0.13315559000281324,0.9220094624765401,800,3,0.08,0.85,0.85,3,1.0,3.0
stage1,6,validation,60.0,10084,0.24538690556167989,0.037701835173388876,0.15364240845325886,0.9061958580910213,800,3,0.08,0.85,0.85,3,1.0,3.0
stage1,6,validation,90.0,9989,0.23830317805463633,0.04534628768191316,0.19028822045972257,0.8820634152333497,800,3,0.08,0.85,0.85,3,1.0,3.0
stage1,6,validation,120.0,9948,0.24625713515464295,0.0516058205158701,0.20956071174734903,0.8701007360876957,800,3,0.08,0.85,0.85,3,1.0,3.0
stage1,7,validation,5.0,10033,0.24673761397355856,0.01587974213611735,0.06435882182851572,0.969230893443614,800,8,0.08,0.7,1.0,10,0.0,10.0
stage1,7,validation,10.0,10226,0.24492056776600468,0.019957026257099122,0.08148366810976006,0.9477007433177662,800,8,0.08,0.7,1.0,10,0.0,10.0
stage1,7,validation,15.0,10050,0.24787172644001382,0.021196012050811175,0.08551202008890964,0.9549855974537499,800,8,0.08,0.7,1.0,10,0.0,10.0
stage1,7,validation,20.0,10014,0.24464012772246985,0.022146231831223835,0.09052575322535582,0.9537768785276048,800,8,0.08,0.7,1.0,10,0.0,10.0
stage1,7,validation,30.0,10182,0.24292622524049884,0.026802266322535795,0.11033088871323524,0.9376965009808456,800,8,0.08,0.7,1.0,10,0.0,10.0
stage1,7,validation,45.0,10105,0.24047493207258544,0.03164608704882492,0.1315982783572335,0.9223274241515038,800,8,0.08,0.7,1.0,10,0.0,10.0
stage1,7,validation,60.0,10084,0.24538690556167989,0.03713978820076279,0.15135195627391543,0.9070565455955352,800,8,0.08,0.7,1.0,10,0.0,10.0
stage1,7,validation,90.0,9989,0.23830317805463633,0.04494045155208452,0.1885851960471166,0.8812828808339244,800,8,0.08,0.7,1.0,10,0.0,10.0
stage1,7,validation,120.0,9948,0.24625713515464295,0.052502673175274295,0.2132026474778244,0.8660715622438115,800,8,0.08,0.7,1.0,10,0.0,10.0
stage1,8,validation,5.0,10033,0.24673761397355856,0.01647665415710098,0.06677803960148,0.970965411561519,500,5,0.04,0.7,0.7,3,0.01,3.0
stage1,8,validation,10.0,10226,0.24492056776600468,0.020837981535322715,0.08508057010234914,0.949162525551949,500,5,0.04,0.7,0.7,3,0.01,3.0
stage1,8,validation,15.0,10050,0.24787172644001382,0.02166015587246043,0.08738453628232704,0.9565803615480183,500,5,0.04,0.7,0.7,3,0.01,3.0
stage1,8,validation,20.0,10014,0.24464012772246985,0.02273951451045182,0.09295087736484707,0.9536012039786438,500,5,0.04,0.7,0.7,3,0.01,3.0
stage1,8,validation,30.0,10182,0.24292622524049884,0.026685518455463977,0.10985029890883584,0.9403123407529866,500,5,0.04,0.7,0.7,3,0.01,3.0
stage1,8,validation,45.0,10105,0.24047493207258544,0.031271637865181764,0.13004115479172967,0.923611636842982,500,5,0.04,0.7,0.7,3,0.01,3.0
stage1,8,validation,60.0,10084,0.24538690556167989,0.03740971504738529,0.15245196136996836,0.9069052002978999,500,5,0.04,0.7,0.7,3,0.01,3.0
stage1,8,validation,90.0,9989,0.23830317805463633,0.04495882658686024,0.18866230385124125,0.8835521672249826,500,5,0.04,0.7,0.7,3,0.01,3.0
stage1,8,validation,120.0,9948,0.24625713515464295,0.05111474705843201,0.2075665625945551,0.8707913617805318,500,5,0.04,0.7,0.7,3,0.01,3.0
stage1,9,validation,5.0,10033,0.24673761397355856,0.016627258883111107,0.067388423740261,0.970552311139521,1200,4,0.04,0.7,0.85,10,0.01,1.0
stage1,9,validation,10.0,10226,0.24492056776600468,0.021111855870912397,0.0861987870740301,0.9490483772030402,1200,4,0.04,0.7,0.85,10,0.01,1.0
stage1,9,validation,15.0,10050,0.24787172644001382,0.021852729736375608,0.08816144564057037,0.9560877919725749,1200,4,0.04,0.7,0.85,10,0.01,1.0
stage1,9,validation,20.0,10014,0.24464012772246985,0.022752023626329707,0.09300201008781588,0.9537155318786752,1200,4,0.04,0.7,0.85,10,0.01,1.0
stage1,9,validation,30.0,10182,0.24292622524049884,0.02708942249519342,0.11151296023463371,0.9393505813623843,1200,4,0.04,0.7,0.85,10,0.01,1.0
stage1,9,validation,45.0,10105,0.24047493207258544,0.031446367189928055,0.1307677557860219,0.9236316074534917,1200,4,0.04,0.7,0.85,10,0.01,1.0
stage1,9,validation,60.0,10084,0.24538690556167989,0.037304819683797154,0.15202449209100238,0.9062120256821276,1200,4,0.04,0.7,0.85,10,0.01,1.0
stage1,9,validation,90.0,9989,0.23830317805463633,0.04532288444528391,0.19019001263546986,0.8811509821114911,1200,4,0.04,0.7,0.85,10,0.01,1.0
stage1,9,validation,120.0,9948,0.24625713515464295,0.05144577293905313,0.20891079118071665,0.8707456785434469,1200,4,0.04,0.7,0.85,10,0.01,1.0
stage1,10,validation,5.0,10033,0.24673761397355856,0.015576597118411216,0.06313020891934405,0.9700278847262824,1200,6,0.04,0.7,1.0,1,0.0,1.0
stage1,10,validation,10.0,10226,0.24492056776600468,0.019988723462949262,0.08161308641929306,0.9476910964225786,1200,6,0.04,0.7,1.0,1,0.0,1.0
stage1,10,validation,15.0,10050,0.24787172644001382,0.02064847216524948,0.08330305542228315,0.9550743617059019,1200,6,0.04,0.7,1.0,1,0.0,1.0
stage1,10,validation,20.0,10014,0.24464012772246985,0.021791584039588356,0.08907608184504243,0.9532652995969808,1200,6,0.04,0.7,1.0,1,0.0,1.0
stage1,10,validation,30.0,10182,0.24292622524049884,0.02619330537862681,0.10782411554246658,0.9388248305013828,1200,6,0.04,0.7,1.0,1,0.0,1.0
stage1,10,validation,45.0,10105,0.24047493207258544,0.0310415251649114,0.12908424548610234,0.9237841588738752,1200,6,0.04,0.7,1.0,1,0.0,1.0
stage1,10,validation,60.0,10084,0.24538690556167989,0.03689959261422431,0.15037311192201866,0.9067964363157645,1200,6,0.04,0.7,1.0,1,0.0,1.0
stage1,10,validation,90.0,9989,0.23830317805463633,0.04479489301595709,0.18797438364706517,0.8820955663500245,1200,6,0.04,0.7,1.0,1,0.0,1.0
stage1,10,validation,120.0,9948,0.24625713515464295,0.05152652572969402,0.20923871179341352,0.8715851172984721,1200,6,0.04,0.7,1.0,1,0.0,1.0
stage1,11,validation,5.0,10033,0.24673761397355856,0.01724713067515038,0.06990069490174552,0.9708128535349594,500,4,0.04,0.85,1.0,1,0.1,5.0
stage1,11,validation,10.0,10226,0.24492056776600468,0.02178150922671785,0.08893295252984937,0.9493659431094285,500,4,0.04,0.85,1.0,1,0.1,5.0
stage1,11,validation,15.0,10050,0.24787172644001382,0.022416300832099934,0.09043508573586666,0.9571457529025675,500,4,0.04,0.85,1.0,1,0.1,5.0
stage1,11,validation,20.0,10014,0.24464012772246985,0.023274706990246974,0.09513854986476622,0.9534197023509151,500,4,0.04,0.85,1.0,1,0.1,5.0
stage1,11,validation,30.0,10182,0.24292622524049884,0.02725728317787545,0.11220395472284037,0.9401352544037457,500,4,0.04,0.85,1.0,1,0.1,5.0
stage1,11,validation,45.0,10105,0.24047493207258544,0.03160570214489736,0.131430340254166,0.9227724371204645,500,4,0.04,0.85,1.0,1,0.1,5.0
stage1,11,validation,60.0,10084,0.24538690556167989,0.03753939196966496,0.15298042038444934,0.9060664151505691,500,4,0.04,0.85,1.0,1,0.1,5.0
stage1,11,validation,90.0,9989,0.23830317805463633,0.044873373289555936,0.18830371317695022,0.8829031032462991,500,4,0.04,0.85,1.0,1,0.1,5.0
stage1,11,validation,120.0,9948,0.24625713515464295,0.05084812449486884,0.20648386274345945,0.869795097985554,500,4,0.04,0.85,1.0,1,0.1,5.0
stage1,12,validation,5.0,10033,0.24673761397355856,0.017372011000510706,0.07040682091694525,0.9713906837007884,300,4,0.08,0.7,0.85,10,0.01,5.0
stage1,12,validation,10.0,10226,0.24492056776600468,0.021746859322366044,0.08879147848106753,0.9496675579208456,300,4,0.08,0.7,0.85,10,0.01,5.0
stage1,12,validation,15.0,10050,0.24787172644001382,0.022416810741992917,0.09043714288817001,0.9563547669594135,300,4,0.08,0.7,0.85,10,0.01,5.0
stage1,12,validation,20.0,10014,0.24464012772246985,0.023135568632794253,0.0945698027882009,0.9540204650056061,300,4,0.08,0.7,0.85,10,0.01,5.0
stage1,12,validation,30.0,10182,0.24292622524049884,0.02729608874299475,0.1123636969041585,0.9402666639769778,300,4,0.08,0.7,0.85,10,0.01,5.0
stage1,12,validation,45.0,10105,0.24047493207258544,0.031637520261375854,0.1315626539061723,0.9226931547576145,300,4,0.08,0.7,0.85,10,0.01,5.0
stage1,12,validation,60.0,10084,0.24538690556167989,0.03757391729106764,0.1531211178732728,0.9067236220319653,300,4,0.08,0.7,0.85,10,0.01,5.0
stage1,12,validation,90.0,9989,0.23830317805463633,0.04482705466766065,0.18810934471626325,0.883552577070171,300,4,0.08,0.7,0.85,10,0.01,5.0
stage1,12,validation,120.0,9948,0.24625713515464295,0.050689473827064666,0.2058396147394187,0.8702153414667174,300,4,0.08,0.7,0.85,10,0.01,5.0
stage1,13,validation,5.0,10033,0.24673761397355856,0.014681371254973576,0.059501958451081124,0.9713589733297981,500,6,0.06,1.0,0.85,3,1.0,5.0
stage1,13,validation,10.0,10226,0.24492056776600468,0.01949727339032778,0.07960651719930412,0.9490498924047029,500,6,0.06,1.0,0.85,3,1.0,5.0
stage1,13,validation,15.0,10050,0.24787172644001382,0.020212916864871828,0.08154587517977148,0.9573407100210127,500,6,0.06,1.0,0.85,3,1.0,5.0
stage1,13,validation,20.0,10014,0.24464012772246985,0.021846280621275117,0.08929966160767569,0.9541426112386506,500,6,0.06,1.0,0.85,3,1.0,5.0
stage1,13,validation,30.0,10182,0.24292622524049884,0.025976536078027766,0.10693178989757403,0.9400851568002593,500,6,0.06,1.0,0.85,3,1.0,5.0
stage1,13,validation,45.0,10105,0.24047493207258544,0.030802324964876542,0.12808954637974118,0.9237598442330126,500,6,0.06,1.0,0.85,3,1.0,5.0
stage1,13,validation,60.0,10084,0.24538690556167989,0.037112330399741295,0.151240060323483,0.9074580818908862,500,6,0.06,1.0,0.85,3,1.0,5.0
stage1,13,validation,90.0,9989,0.23830317805463633,0.044662318669299934,0.18741805725754987,0.884049499195763,500,6,0.06,1.0,0.85,3,1.0,5.0
stage1,13,validation,120.0,9948,0.24625713515464295,0.0512837405866732,0.20825281084533193,0.8716303919928958,500,6,0.06,1.0,0.85,3,1.0,5.0
stage1,14,validation,5.0,10033,0.24673761397355856,0.014694167820851915,0.05955382150378825,0.9713617150152326,500,8,0.02,0.7,1.0,5,0.01,5.0
stage1,14,validation,10.0,10226,0.24492056776600468,0.01905786504013379,0.07781243206304149,0.949804187984772,500,8,0.02,0.7,1.0,5,0.01,5.0
stage1,14,validation,15.0,10050,0.24787172644001382,0.01969124350094603,0.07944126497909154,0.9579626771107138,500,8,0.02,0.7,1.0,5,0.01,5.0
stage1,14,validation,20.0,10014,0.24464012772246985,0.02132633944389426,0.0871743308934492,0.9544188895473706,500,8,0.02,0.7,1.0,5,0.01,5.0
stage1,14,validation,30.0,10182,0.24292622524049884,0.025731616317383944,0.10592358355673392,0.940494380486117,500,8,0.02,0.7,1.0,5,0.01,5.0
stage1,14,validation,45.0,10105,0.24047493207258544,0.030464751961267404,0.126685770107929,0.9249051956400238,500,8,0.02,0.7,1.0,5,0.01,5.0
stage1,14,validation,60.0,10084,0.24538690556167989,0.03637821302642346,0.14824838735039803,0.9090837022634063,500,8,0.02,0.7,1.0,5,0.01,5.0
stage1,14,validation,90.0,9989,0.23830317805463633,0.04404066545880996,0.18480939204559269,0.885218602865337,500,8,0.02,0.7,1.0,5,0.01,5.0
stage1,14,validation,120.0,9948,0.24625713515464295,0.05074999142050049,0.20608536434337563,0.8720365668150935,500,8,0.02,0.7,1.0,5,0.01,5.0
stage1,15,validation,5.0,10033,0.24673761397355856,0.014545570211084474,0.05895157198303473,0.9701875028801479,300,8,0.04,1.0,0.7,1,1.0,3.0
stage1,15,validation,10.0,10226,0.24492056776600468,0.01903701740240467,0.07772731206712086,0.9484838096251823,300,8,0.04,1.0,0.7,1,1.0,3.0
stage1,15,validation,15.0,10050,0.24787172644001382,0.01997056302897353,0.08056813625254877,0.9567550480928786,300,8,0.04,1.0,0.7,1,1.0,3.0
stage1,15,validation,20.0,10014,0.24464012772246985,0.021278750355370454,0.08697980398174895,0.9533561961904726,300,8,0.04,1.0,0.7,1,1.0,3.0
stage1,15,validation,30.0,10182,0.24292622524049884,0.025999829195104993,0.10702767545729146,0.9388748152387039,300,8,0.04,1.0,0.7,1,1.0,3.0
stage1,15,validation,45.0,10105,0.24047493207258544,0.03065793680454883,0.12748911722447218,0.9238756779192873,300,8,0.04,1.0,0.7,1,1.0,3.0
stage1,15,validation,60.0,10084,0.24538690556167989,0.036475727813377934,0.1486457793250483,0.907846456367149,300,8,0.04,1.0,0.7,1,1.0,3.0
stage1,15,validation,90.0,9989,0.23830317805463633,0.04437824170459326,0.18622597510813957,0.8838353812030538,300,8,0.04,1.0,0.7,1,1.0,3.0
stage1,15,validation,120.0,9948,0.24625713515464295,0.05096157074238293,0.2069445448164595,0.871991801056126,300,8,0.04,1.0,0.7,1,1.0,3.0
stage1,16,validation,5.0,10033,0.24673761397355856,0.014951817755342437,0.06059804792043071,0.972009124569563,800,6,0.04,1.0,0.7,10,0.0,10.0
stage1,16,validation,10.0,10226,0.24492056776600468,0.019938627872797408,0.08140854830879955,0.949243029839262,800,6,0.04,1.0,0.7,10,0.0,10.0
stage1,16,validation,15.0,10050,0.24787172644001382,0.02052990956592304,0.08282473302130075,0.9578659217567091,800,6,0.04,1.0,0.7,10,0.0,10.0
stage1,16,validation,20.0,10014,0.24464012772246985,0.021851659959477524,0.08932165038871699,0.9546044019763935,800,6,0.04,1.0,0.7,10,0.0,10.0
stage1,16,validation,30.0,10182,0.24292622524049884,0.02599948036004629,0.10702623948610984,0.9414374639138304,800,6,0.04,1.0,0.7,10,0.0,10.0
stage1,16,validation,45.0,10105,0.24047493207258544,0.03091489413447809,0.12855765824749948,0.9244468383981527,800,6,0.04,1.0,0.7,10,0.0,10.0
stage1,16,validation,60.0,10084,0.24538690556167989,0.03703200171610962,0.1509127051068393,0.9081976286926002,800,6,0.04,1.0,0.7,10,0.0,10.0
stage1,16,validation,90.0,9989,0.23830317805463633,0.04470650801710316,0.18760349057054201,0.8851865389978748,800,6,0.04,1.0,0.7,10,0.0,10.0
stage1,16,validation,120.0,9948,0.24625713515464295,0.05107115150873145,0.20738952995883803,0.8734839738194813,800,6,0.04,1.0,0.7,10,0.0,10.0
stage1,17,validation,5.0,10033,0.24673761397355856,0.014460330678863447,0.05860610567634441,0.9722877281294644,500,8,0.02,0.85,1.0,10,0.01,10.0
stage1,17,validation,10.0,10226,0.24492056776600468,0.018752627026894543,0.07656615856292913,0.9514716717055948,500,8,0.02,0.85,1.0,10,0.01,10.0
stage1,17,validation,15.0,10050,0.24787172644001382,0.019722650038969024,0.07956796978110371,0.958814437927812,500,8,0.02,0.85,1.0,10,0.01,10.0
stage1,17,validation,20.0,10014,0.24464012772246985,0.021153557193583108,0.08646805980080505,0.955140971133336,500,8,0.02,0.85,1.0,10,0.01,10.0
stage1,17,validation,30.0,10182,0.24292622524049884,0.025401181227550383,0.10456335540719416,0.9422046412750159,500,8,0.02,0.85,1.0,10,0.01,10.0
stage1,17,validation,45.0,10105,0.24047493207258544,0.03033658596291905,0.12615279980102953,0.9263133372388488,500,8,0.02,0.85,1.0,10,0.01,10.0
stage1,17,validation,60.0,10084,0.24538690556167989,0.03627664365731329,0.14783447215440304,0.90924770727752,500,8,0.02,0.85,1.0,10,0.01,10.0
stage1,17,validation,90.0,9989,0.23830317805463633,0.044043337442193235,0.18482060458335692,0.8860002438018708,500,8,0.02,0.85,1.0,10,0.01,10.0
stage1,17,validation,120.0,9948,0.24625713515464295,0.050936176259634904,0.2068414230014019,0.8720446919448159,500,8,0.02,0.85,1.0,10,0.01,10.0
stage1,18,validation,5.0,10033,0.24673761397355856,0.014818286719474326,0.06005686154143614,0.9708135814156335,300,8,0.04,1.0,0.7,3,0.01,3.0
stage1,18,validation,10.0,10226,0.24492056776600468,0.01925091390830921,0.07860064217514551,0.948872389624293,300,8,0.04,1.0,0.7,3,0.01,3.0
stage1,18,validation,15.0,10050,0.24787172644001382,0.020321285522727158,0.08198307170642558,0.9568175469851504,300,8,0.04,1.0,0.7,3,0.01,3.0
stage1,18,validation,20.0,10014,0.24464012772246985,0.021659577212707722,0.08853648587560936,0.9534331341024838,300,8,0.04,1.0,0.7,3,0.01,3.0
stage1,18,validation,30.0,10182,0.24292622524049884,0.026200061638643673,0.107851927525344,0.9387926164974817,300,8,0.04,1.0,0.7,3,0.01,3.0
stage1,18,validation,45.0,10105,0.24047493207258544,0.03072962476833557,0.1277872271487328,0.9234838784407385,300,8,0.04,1.0,0.7,3,0.01,3.0
stage1,18,validation,60.0,10084,0.24538690556167989,0.03650317535223266,0.1487576334551287,0.9080926705217236,300,8,0.04,1.0,0.7,3,0.01,3.0
stage1,18,validation,90.0,9989,0.23830317805463633,0.044214834532457274,0.18554026384960773,0.8847043468175795,300,8,0.04,1.0,0.7,3,0.01,3.0
stage1,18,validation,120.0,9948,0.24625713515464295,0.050949330811116016,0.20689484095200403,0.8719014147632547,300,8,0.04,1.0,0.7,3,0.01,3.0
stage1,19,validation,5.0,10033,0.24673761397355856,0.016151888115382415,0.06546179909607669,0.9710638793480909,300,6,0.02,0.85,0.85,5,0.01,5.0
stage1,19,validation,10.0,10226,0.24492056776600468,0.02015513696687,0.08229254550040922,0.9502126576073758,300,6,0.02,0.85,0.85,5,0.01,5.0
stage1,19,validation,15.0,10050,0.24787172644001382,0.020736494202869785,0.0836581666682671,0.9585929435145033,300,6,0.02,0.85,0.85,5,0.01,5.0
stage1,19,validation,20.0,10014,0.24464012772246985,0.022254302210919848,0.09096750569132335,0.9537287713003764,300,6,0.02,0.85,0.85,5,0.01,5.0
stage1,19,validation,30.0,10182,0.24292622524049884,0.026657913069288636,0.10973666199644397,0.940935599318549,300,6,0.02,0.85,0.85,5,0.01,5.0
stage1,19,validation,45.0,10105,0.24047493207258544,0.031137224350481506,0.12948220457790996,0.9237932363536019,300,6,0.02,0.85,0.85,5,0.01,5.0
stage1,19,validation,60.0,10084,0.24538690556167989,0.03711466256046707,0.15124956433805312,0.9072953497269073,300,6,0.02,0.85,0.85,5,0.01,5.0
stage1,19,validation,90.0,9989,0.23830317805463633,0.0448059852023481,0.18802093017859514,0.8844362236064696,300,6,0.02,0.85,0.85,5,0.01,5.0
stage1,19,validation,120.0,9948,0.24625713515464295,0.050945229638046284,0.20687818692463075,0.8706799174634936,300,6,0.02,0.85,0.85,5,0.01,5.0
stage1,20,validation,5.0,10033,0.24673761397355856,0.01925111191363201,0.07802260710722056,0.9685441918307987,1200,3,0.01,1.0,1.0,5,0.01,1.0
stage1,20,validation,10.0,10226,0.24492056776600468,0.02318640907247654,0.0946690973484459,0.9486379327248745,1200,3,0.01,1.0,1.0,5,0.01,1.0
stage1,20,validation,15.0,10050,0.24787172644001382,0.023748402519802578,0.09580924319559217,0.9559245937346781,1200,3,0.01,1.0,1.0,5,0.01,1.0
stage1,20,validation,20.0,10014,0.24464012772246985,0.02479073125922075,0.10133550652550512,0.9521029446877748,1200,3,0.01,1.0,1.0,5,0.01,1.0
stage1,20,validation,30.0,10182,0.24292622524049884,0.028482443079634292,0.1172472961757688,0.9389580105024415,1200,3,0.01,1.0,1.0,5,0.01,1.0
stage1,20,validation,45.0,10105,0.24047493207258544,0.03220231495788639,0.1339113174098595,0.9209405566916092,1200,3,0.01,1.0,1.0,5,0.01,1.0
stage1,20,validation,60.0,10084,0.24538690556167989,0.03786403330730979,0.15430339781432376,0.9051376350985934,1200,3,0.01,1.0,1.0,5,0.01,1.0
stage1,20,validation,90.0,9989,0.23830317805463633,0.04459507845634015,0.18713589478909817,0.8814581370647204,1200,3,0.01,1.0,1.0,5,0.01,1.0
stage1,20,validation,120.0,9948,0.24625713515464295,0.0499676424216126,0.20290840462443552,0.8652956014464581,1200,3,0.01,1.0,1.0,5,0.01,1.0
stage1,21,validation,5.0,10033,0.24673761397355856,0.017240284605006075,0.06987294854384714,0.9708312067135519,300,4,0.08,0.85,0.7,5,0.1,3.0
stage1,21,validation,10.0,10226,0.24492056776600468,0.021668580921328444,0.08847187118245801,0.9488741571641479,300,4,0.08,0.85,0.7,5,0.1,3.0
stage1,21,validation,15.0,10050,0.24787172644001382,0.022282423904628146,0.08989498005542235,0.9570847937882649,300,4,0.08,0.85,0.7,5,0.1,3.0
stage1,21,validation,20.0,10014,0.24464012772246985,0.02330287399625527,0.09525368635635705,0.9530433184728263,300,4,0.08,0.85,0.7,5,0.1,3.0
stage1,21,validation,30.0,10182,0.24292622524049884,0.027287129453993204,0.11232681620512044,0.9399924181473754,300,4,0.08,0.85,0.7,5,0.1,3.0
stage1,21,validation,45.0,10105,0.24047493207258544,0.031848501969370786,0.13244000817414753,0.9218041783775813,300,4,0.08,0.85,0.7,5,0.1,3.0
stage1,21,validation,60.0,10084,0.24538690556167989,0.03781081302844129,0.15408651468950224,0.9056717082000475,300,4,0.08,0.85,0.7,5,0.1,3.0
stage1,21,validation,90.0,9989,0.23830317805463633,0.04534789454717947,0.19029496340490454,0.8821641654149669,300,4,0.08,0.85,0.7,5,0.1,3.0
stage1,21,validation,120.0,9948,0.24625713515464295,0.05125202954079849,0.20812403875572405,0.8699209732083574,300,4,0.08,0.85,0.7,5,0.1,3.0
stage1,22,validation,5.0,10033,0.24673761397355856,0.0164710882675388,0.06675548167254268,0.9701702589183084,1200,4,0.04,1.0,0.7,3,0.01,1.0
stage1,22,validation,10.0,10226,0.24492056776600468,0.02124502111927601,0.08674249497728319,0.9476109828890026,1200,4,0.04,1.0,0.7,3,0.01,1.0
stage1,22,validation,15.0,10050,0.24787172644001382,0.021731185587913458,0.08767109464246424,0.9559478416583047,1200,4,0.04,1.0,0.7,3,0.01,1.0
stage1,22,validation,20.0,10014,0.24464012772246985,0.022922106158396013,0.09369724571268956,0.9521302356864819,1200,4,0.04,1.0,0.7,3,0.01,1.0
stage1,22,validation,30.0,10182,0.24292622524049884,0.02717763035654559,0.11187606578762554,0.9384770270314857,1200,4,0.04,1.0,0.7,3,0.01,1.0
stage1,22,validation,45.0,10105,0.24047493207258544,0.03175131919007927,0.1320358796504219,0.9217449496787811,1200,4,0.04,1.0,0.7,3,0.01,1.0
stage1,22,validation,60.0,10084,0.24538690556167989,0.03784449946674907,0.15422379356439034,0.9056743844655786,1200,4,0.04,1.0,0.7,3,0.01,1.0
stage1,22,validation,90.0,9989,0.23830317805463633,0.04533890459180816,0.19025723853927454,0.8812508873038201,1200,4,0.04,1.0,0.7,3,0.01,1.0
stage1,22,validation,120.0,9948,0.24625713515464295,0.05139057157582387,0.20868662970334628,0.8713751533335837,1200,4,0.04,1.0,0.7,3,0.01,1.0
stage1,23,validation,5.0,10033,0.24673761397355856,0.0172716704006148,0.0700001516690751,0.9707403422152028,800,3,0.08,0.85,1.0,5,1.0,5.0
stage1,23,validation,10.0,10226,0.24492056776600468,0.02154094408386818,0.08795073553989242,0.9498452607261625,800,3,0.08,0.85,1.0,5,1.0,5.0
stage1,23,validation,15.0,10050,0.24787172644001382,0.022257177692361692,0.0897931281313282,0.9578160578321069,800,3,0.08,0.85,1.0,5,1.0,5.0
stage1,23,validation,20.0,10014,0.24464012772246985,0.023264628501274903,0.09509735266189562,0.9536662782424912,800,3,0.08,0.85,1.0,5,1.0,5.0
stage1,23,validation,30.0,10182,0.24292622524049884,0.02753674335014947,0.11335434584260255,0.9403178462853414,800,3,0.08,0.85,1.0,5,1.0,5.0
stage1,23,validation,45.0,10105,0.24047493207258544,0.031815890695130085,0.13230439622507809,0.9229553962105433,800,3,0.08,0.85,1.0,5,1.0,5.0
stage1,23,validation,60.0,10084,0.24538690556167989,0.03791722816896312,0.15452017735898435,0.9061485106052541,800,3,0.08,0.85,1.0,5,1.0,5.0
stage1,23,validation,90.0,9989,0.23830317805463633,0.0451478795457448,0.1894556334258943,0.8830719287805641,800,3,0.08,0.85,1.0,5,1.0,5.0
stage1,23,validation,120.0,9948,0.24625713515464295,0.05144316081213998,0.2089001838660839,0.8704848572925827,800,3,0.08,0.85,1.0,5,1.0,5.0
stage1,24,validation,5.0,10033,0.24673761397355856,0.014960359779216436,0.06063266778943421,0.9700290092591439,800,8,0.02,1.0,0.7,1,0.0,1.0
stage1,24,validation,10.0,10226,0.24492056776600468,0.019423368233585814,0.07930476566648643,0.9483598194307472,800,8,0.02,1.0,0.7,1,0.0,1.0
stage1,24,validation,15.0,10050,0.24787172644001382,0.020100327093348615,0.08109164922532217,0.9567873991129475,800,8,0.02,1.0,0.7,1,0.0,1.0
stage1,24,validation,20.0,10014,0.24464012772246985,0.021497203292772,0.0878727602577094,0.9536240323553715,800,8,0.02,1.0,0.7,1,0.0,1.0
stage1,24,validation,30.0,10182,0.24292622524049884,0.025919705986289395,0.10669785018323438,0.9390759754690182,800,8,0.02,1.0,0.7,1,0.0,1.0
stage1,24,validation,45.0,10105,0.24047493207258544,0.03067216025321491,0.12754826454824308,0.9239101430288498,800,8,0.02,1.0,0.7,1,0.0,1.0
stage1,24,validation,60.0,10084,0.24538690556167989,0.036427046247580655,0.1484473923504628,0.9083112766563726,800,8,0.02,1.0,0.7,1,0.0,1.0
stage1,24,validation,90.0,9989,0.23830317805463633,0.04427498862230063,0.18579269057062092,0.8836014319094646,800,8,0.02,1.0,0.7,1,0.0,1.0
stage1,24,validation,120.0,9948,0.24625713515464295,0.05124369527670332,0.20809019500906495,0.8703371689088141,800,8,0.02,1.0,0.7,1,0.0,1.0
stage1,25,validation,5.0,10033,0.24673761397355856,0.01616883459244943,0.06553048127547408,0.9715823088853394,300,5,0.04,1.0,1.0,10,0.1,5.0
stage1,25,validation,10.0,10226,0.24492056776600468,0.020693441037077782,0.08449041754977533,0.9507684619924508,300,5,0.04,1.0,1.0,10,0.1,5.0
stage1,25,validation,15.0,10050,0.24787172644001382,0.021573834171344546,0.08703628478000504,0.9572405834173052,300,5,0.04,1.0,1.0,10,0.1,5.0
stage1,25,validation,20.0,10014,0.24464012772246985,0.02274246029483842,0.09296291866164505,0.9543112659313832,300,5,0.04,1.0,1.0,10,0.1,5.0
stage1,25,validation,30.0,10182,0.24292622524049884,0.026578742586595504,0.10941075859669883,0.9417295661579654,300,5,0.04,1.0,1.0,10,0.1,5.0
stage1,25,validation,45.0,10105,0.24047493207258544,0.030880856989456272,0.12841611690375748,0.9249693965689467,300,5,0.04,1.0,1.0,10,0.1,5.0
stage1,25,validation,60.0,10084,0.24538690556167989,0.03685944536884203,0.15020950398503283,0.9084993653698998,300,5,0.04,1.0,1.0,10,0.1,5.0
stage1,25,validation,90.0,9989,0.23830317805463633,0.04434183108808897,0.18607318395864036,0.885820707839814,300,5,0.04,1.0,1.0,10,0.1,5.0
stage1,25,validation,120.0,9948,0.24625713515464295,0.050604373899608306,0.2054940412907431,0.8719065651579889,300,5,0.04,1.0,1.0,10,0.1,5.0
stage1,26,validation,5.0,10033,0.24673761397355856,0.015071400957895421,0.061082705288341387,0.9709007951347741,500,8,0.08,1.0,1.0,10,0.01,10.0
stage1,26,validation,10.0,10226,0.24492056776600468,0.019589288546212943,0.07998221106905323,0.9489891604407654,500,8,0.08,1.0,1.0,10,0.01,10.0
stage1,26,validation,15.0,10050,0.24787172644001382,0.020306121172326386,0.08192189348889119,0.9577348946481503,500,8,0.08,1.0,1.0,10,0.01,10.0
stage1,26,validation,20.0,10014,0.24464012772246985,0.021569529797691767,0.08816840474413568,0.9555551914724585,500,8,0.08,1.0,1.0,10,0.01,10.0
stage1,26,validation,30.0,10182,0.24292622524049884,0.026151603188603097,0.10765244947396194,0.9401880170257841,500,8,0.08,1.0,1.0,10,0.01,10.0
stage1,26,validation,45.0,10105,0.24047493207258544,0.030839305410476196,0.12824332725528162,0.925290730608868,500,8,0.08,1.0,1.0,10,0.01,10.0
stage1,26,validation,60.0,10084,0.24538690556167989,0.036588950345227376,0.14910718345576293,0.9076369801927985,500,8,0.08,1.0,1.0,10,0.01,10.0
stage1,26,validation,90.0,9989,0.23830317805463633,0.044285727321762246,0.1858377537525276,0.884619830684736,500,8,0.08,1.0,1.0,10,0.01,10.0
stage1,26,validation,120.0,9948,0.24625713515464295,0.05147702406420659,0.20903769562607954,0.8693338533459002,500,8,0.08,1.0,1.0,10,0.01,10.0
stage1,27,validation,5.0,10033,0.24673761397355856,0.014767002619799562,0.05984901281156936,0.9701958214483045,1200,8,0.02,1.0,0.7,5,0.0,3.0
stage1,27,validation,10.0,10226,0.24492056776600468,0.019170545346756104,0.07827250084227921,0.9487615516708688,1200,8,0.02,1.0,0.7,5,0.0,3.0
stage1,27,validation,15.0,10050,0.24787172644001382,0.020417618468917466,0.08237171202282577,0.9564725506272655,1200,8,0.02,1.0,0.7,5,0.0,3.0
stage1,27,validation,20.0,10014,0.24464012772246985,0.02142070184462152,0.08756005011950481,0.9540269911048509,1200,8,0.02,1.0,0.7,5,0.0,3.0
stage1,27,validation,30.0,10182,0.24292622524049884,0.02599220904632151,0.10699630729695414,0.9387885790690472,1200,8,0.02,1.0,0.7,5,0.0,3.0
stage1,27,validation,45.0,10105,0.24047493207258544,0.03069429325770143,0.1276403032663571,0.9240326414815592,1200,8,0.02,1.0,0.7,5,0.0,3.0
stage1,27,validation,60.0,10084,0.24538690556167989,0.03651551572305478,0.14880792289821806,0.9075808161888868,1200,8,0.02,1.0,0.7,5,0.0,3.0
stage1,27,validation,90.0,9989,0.23830317805463633,0.04430199892783025,0.185906034864852,0.8839990382684201,1200,8,0.02,1.0,0.7,5,0.0,3.0
stage1,27,validation,120.0,9948,0.24625713515464295,0.05172421028336057,0.2100414684467077,0.8700399642598997,1200,8,0.02,1.0,0.7,5,0.0,3.0
stage1,28,validation,5.0,10033,0.24673761397355856,0.01837878017479577,0.07448714396972857,0.9700131340271143,800,4,0.01,0.85,0.7,5,1.0,10.0
stage1,28,validation,10.0,10226,0.24492056776600468,0.021836070319907596,0.089155723094557,0.9507619388059918,800,4,0.01,0.85,0.7,5,1.0,10.0
stage1,28,validation,15.0,10050,0.24787172644001382,0.022335590496786174,0.09010947241774869,0.9585387240105422,800,4,0.01,0.85,0.7,5,1.0,10.0
stage1,28,validation,20.0,10014,0.24464012772246985,0.02356440687837793,0.09632273780166757,0.9536985757484343,800,4,0.01,0.85,0.7,5,1.0,10.0
stage1,28,validation,30.0,10182,0.24292622524049884,0.027658886479423713,0.11385714511490558,0.9407061014683633,800,4,0.01,0.85,0.7,5,1.0,10.0
stage1,28,validation,45.0,10105,0.24047493207258544,0.031501575279857516,0.1309973351831492,0.9233148887556665,800,4,0.01,0.85,0.7,5,1.0,10.0
stage1,28,validation,60.0,10084,0.24538690556167989,0.03746489048001172,0.15267681213166703,0.9066009736297764,800,4,0.01,0.85,0.7,5,1.0,10.0
stage1,28,validation,90.0,9989,0.23830317805463633,0.044692128309551764,0.18754314849844383,0.8842290717425911,800,4,0.01,0.85,0.7,5,1.0,10.0
stage1,28,validation,120.0,9948,0.24625713515464295,0.05043344133401349,0.20479991900475342,0.8684075913027485,800,4,0.01,0.85,0.7,5,1.0,10.0
stage1,29,validation,5.0,10033,0.24673761397355856,0.014743212453771257,0.059752593924942476,0.9713250635253929,500,6,0.08,0.7,1.0,5,1.0,10.0
stage1,29,validation,10.0,10226,0.24492056776600468,0.01945572747116252,0.07943688702269538,0.9494862345426269,500,6,0.08,0.7,1.0,5,1.0,10.0
stage1,29,validation,15.0,10050,0.24787172644001382,0.020516938525045332,0.08277240337054147,0.9564176072429295,500,6,0.08,0.7,1.0,5,1.0,10.0
stage1,29,validation,20.0,10014,0.24464012772246985,0.021677321307443483,0.08860901729104376,0.9545638435618585,500,6,0.08,0.7,1.0,5,1.0,10.0
stage1,29,validation,30.0,10182,0.24292622524049884,0.02575007343404824,0.10599956183633721,0.9404468616535386,500,6,0.08,0.7,1.0,5,1.0,10.0
stage1,29,validation,45.0,10105,0.24047493207258544,0.030970685531600862,0.12878966329119332,0.9249283883335246,500,6,0.08,0.7,1.0,5,1.0,10.0
stage1,29,validation,60.0,10084,0.24538690556167989,0.03711306341795582,0.15124304751716738,0.9074628424364843,500,6,0.08,0.7,1.0,5,1.0,10.0
stage1,29,validation,90.0,9989,0.23830317805463633,0.04484572648542749,0.18818769792128248,0.8833891853496262,500,6,0.08,0.7,1.0,5,1.0,10.0
stage1,29,validation,120.0,9948,0.24625713515464295,0.05158063247789281,0.20945842826239955,0.8720945990004623,500,6,0.08,0.7,1.0,5,1.0,10.0
stage1,30,validation,5.0,10033,0.24673761397355856,0.019007376704092707,0.07703477551715977,0.9698962557789217,800,3,0.02,0.7,1.0,3,0.1,5.0
stage1,30,validation,10.0,10226,0.24492056776600468,0.022882198705324205,0.09342701968250249,0.9498555704749837,800,3,0.02,0.7,1.0,3,0.1,5.0
stage1,30,validation,15.0,10050,0.24787172644001382,0.02334279232211395,0.0941728718211152,0.957958366200363,800,3,0.02,0.7,1.0,3,0.1,5.0
stage1,30,validation,20.0,10014,0.24464012772246985,0.024559135128911037,0.10038882564994392,0.9533170630177557,800,3,0.02,0.7,1.0,3,0.1,5.0
stage1,30,validation,30.0,10182,0.24292622524049884,0.02818513596948659,0.11602343856281093,0.9403130937779564,800,3,0.02,0.7,1.0,3,0.1,5.0
stage1,30,validation,45.0,10105,0.24047493207258544,0.03206183562944454,0.1333271428880867,0.9224159855974489,800,3,0.02,0.7,1.0,3,0.1,5.0
stage1,30,validation,60.0,10084,0.24538690556167989,0.03763782494062409,0.1533815541398705,0.9055995124746307,800,3,0.02,0.7,1.0,3,0.1,5.0
stage1,30,validation,90.0,9989,0.23830317805463633,0.04442391670037692,0.1864176426979574,0.8824449989571777,800,3,0.02,0.7,1.0,3,0.1,5.0
stage1,30,validation,120.0,9948,0.24625713515464295,0.050034989722315716,0.20318188827663844,0.8666588139774913,800,3,0.02,0.7,1.0,3,0.1,5.0
stage1,31,validation,5.0,10033,0.24673761397355856,0.01752047356896628,0.07100852313033977,0.9708343674858501,800,4,0.02,0.85,0.85,1,0.0,10.0
stage1,31,validation,10.0,10226,0.24492056776600468,0.021611338190662487,0.0882381516088506,0.9504853062736207,800,4,0.02,0.85,0.85,1,0.0,10.0
stage1,31,validation,15.0,10050,0.24787172644001382,0.022346016689152717,0.09015153527225932,0.9576337331591619,800,4,0.02,0.85,0.85,1,0.0,10.0
stage1,31,validation,20.0,10014,0.24464012772246985,0.02335616064015667,0.09547150280534882,0.9538735861449378,800,4,0.02,0.85,0.85,1,0.0,10.0
stage1,31,validation,30.0,10182,0.24292622524049884,0.02738341342174693,0.11272316685708651,0.9408565958343189,800,4,0.02,0.85,0.85,1,0.0,10.0
stage1,31,validation,45.0,10105,0.24047493207258544,0.031628269064640537,0.13152418338179964,0.9229901186632322,800,4,0.02,0.85,0.85,1,0.0,10.0
stage1,31,validation,60.0,10084,0.24538690556167989,0.03750389692806394,0.15283577109470925,0.9064721975829658,800,4,0.02,0.85,0.85,1,0.0,10.0
stage1,31,validation,90.0,9989,0.23830317805463633,0.04489182279152446,0.1883811334703728,0.8836210573924473,800,4,0.02,0.85,0.85,1,0.0,10.0
stage1,31,validation,120.0,9948,0.24625713515464295,0.05061509895973719,0.20553759357247559,0.8695637629115761,800,4,0.02,0.85,0.85,1,0.0,10.0
stage1,32,validation,5.0,10033,0.24673761397355856,0.016986264741996528,0.0688434344016022,0.9712595871108525,500,4,0.06,0.7,0.7,1,0.1,3.0
stage1,32,validation,10.0,10226,0.24492056776600468,0.021656927408871558,0.08842429039917313,0.9487836106580341,500,4,0.06,0.7,0.7,1,0.1,3.0
stage1,32,validation,15.0,10050,0.24787172644001382,0.022233624826014015,0.08969810774846344,0.9570034417282751,500,4,0.06,0.7,0.7,1,0.1,3.0
stage1,32,validation,20.0,10014,0.24464012772246985,0.02329561134755523,0.09522399928593382,0.953102829125451,500,4,0.06,0.7,0.7,1,0.1,3.0
stage1,32,validation,30.0,10182,0.24292622524049884,0.027264508383299087,0.11223369710827645,0.9396829881399495,500,4,0.06,0.7,0.7,1,0.1,3.0
stage1,32,validation,45.0,10105,0.24047493207258544,0.031658028952189776,0.13164793801723187,0.9227259361985637,500,4,0.06,0.7,0.7,1,0.1,3.0
stage1,32,validation,60.0,10084,0.24538690556167989,0.03733655140014117,0.15215380508865964,0.9074930219671599,500,4,0.06,0.7,0.7,1,0.1,3.0
stage1,32,validation,90.0,9989,0.23830317805463633,0.04499788947467946,0.18882622482005965,0.8831224184055827,500,4,0.06,0.7,0.7,1,0.1,3.0
stage1,32,validation,120.0,9948,0.24625713515464295,0.05124387147217352,0.20809091050293316,0.8701596919084731,500,4,0.06,0.7,0.7,1,0.1,3.0
stage1,33,validation,5.0,10033,0.24673761397355856,0.017680793426452717,0.07165828161225335,0.9706118619181023,300,4,0.04,0.85,1.0,5,1.0,1.0
stage1,33,validation,10.0,10226,0.24492056776600468,0.021614373839725642,0.08825054603162548,0.950624155678325,300,4,0.04,0.85,1.0,5,1.0,1.0
stage1,33,validation,15.0,10050,0.24787172644001382,0.02245848717114284,0.09060527997160621,0.9572199483942956,300,4,0.04,0.85,1.0,5,1.0,1.0
stage1,33,validation,20.0,10014,0.24464012772246985,0.023284380516374607,0.09517809172659278,0.9539543110652536,300,4,0.04,0.85,1.0,5,1.0,1.0
stage1,33,validation,30.0,10182,0.24292622524049884,0.027269310400259063,0.11225346449631873,0.9407783210529184,300,4,0.04,0.85,1.0,5,1.0,1.0
stage1,33,validation,45.0,10105,0.24047493207258544,0.031655461030492715,0.13163725947508645,0.9231670924280609,300,4,0.04,0.85,1.0,5,1.0,1.0
stage1,33,validation,60.0,10084,0.24538690556167989,0.037422656240154784,0.15250469928090074,0.9063582647992221,300,4,0.04,0.85,1.0,5,1.0,1.0
stage1,33,validation,90.0,9989,0.23830317805463633,0.044734553058101284,0.18772117696157997,0.8836446690673098,300,4,0.04,0.85,1.0,5,1.0,1.0
stage1,33,validation,120.0,9948,0.24625713515464295,0.05021725301527787,0.2039220223354859,0.8693825308289667,300,4,0.04,0.85,1.0,5,1.0,1.0
stage1,34,validation,5.0,10033,0.24673761397355856,0.015944171498664166,0.06461994684107146,0.9710910604786444,800,6,0.01,0.85,0.7,3,0.01,3.0
stage1,34,validation,10.0,10226,0.24492056776600468,0.020009057306947842,0.08169610861781257,0.9496230375247972,800,6,0.01,0.85,0.7,3,0.01,3.0
stage1,34,validation,15.0,10050,0.24787172644001382,0.020616283317148175,0.08317319451170813,0.9583577654390226,800,6,0.01,0.85,0.7,3,0.01,3.0
stage1,34,validation,20.0,10014,0.24464012772246985,0.022211902060304167,0.09079418927340609,0.9536261476796406,800,6,0.01,0.85,0.7,3,0.01,3.0
stage1,34,validation,30.0,10182,0.24292622524049884,0.02654837573166637,0.1092857541641841,0.9403965173470993,800,6,0.01,0.85,0.7,3,0.01,3.0
stage1,34,validation,45.0,10105,0.24047493207258544,0.03097908015127224,0.12882457179329382,0.9236651744612697,800,6,0.01,0.85,0.7,3,0.01,3.0
stage1,34,validation,60.0,10084,0.24538690556167989,0.03701527030039119,0.1508445212904285,0.9072331480761717,800,6,0.01,0.85,0.7,3,0.01,3.0
stage1,34,validation,90.0,9989,0.23830317805463633,0.04459597366246759,0.18713965137402813,0.88473494458962,800,6,0.01,0.85,0.7,3,0.01,3.0
stage1,34,validation,120.0,9948,0.24625713515464295,0.05087630096666155,0.2065982816486214,0.8713703444727161,800,6,0.01,0.85,0.7,3,0.01,3.0
stage1,35,validation,5.0,10033,0.24673761397355856,0.015042742078184821,0.06096655404877533,0.9707889106848343,500,6,0.08,1.0,1.0,10,0.1,10.0
stage1,35,validation,10.0,10226,0.24492056776600468,0.01982170695609385,0.0809311653034847,0.9490835774817389,500,6,0.08,1.0,1.0,10,0.1,10.0
stage1,35,validation,15.0,10050,0.24787172644001382,0.020725903459033045,0.08361543995639541,0.956325719800822,500,6,0.08,1.0,1.0,10,0.1,10.0
stage1,35,validation,20.0,10014,0.24464012772246985,0.02223222203762153,0.09087724996139107,0.9541397848127413,500,6,0.08,1.0,1.0,10,0.1,10.0
stage1,35,validation,30.0,10182,0.24292622524049884,0.02631994815737429,0.10834543751427965,0.9404371903487816,500,6,0.08,1.0,1.0,10,0.1,10.0
stage1,35,validation,45.0,10105,0.24047493207258544,0.030718728356972456,0.12774191510198765,0.925828408729367,500,6,0.08,1.0,1.0,10,0.1,10.0
stage1,35,validation,60.0,10084,0.24538690556167989,0.03673115082371089,0.14968667842986524,0.9087320498466289,500,6,0.08,1.0,1.0,10,0.1,10.0
stage1,35,validation,90.0,9989,0.23830317805463633,0.044565748339018905,0.18701281578712817,0.8848849057398898,500,6,0.08,1.0,1.0,10,0.1,10.0
stage1,35,validation,120.0,9948,0.24625713515464295,0.05127010476298442,0.2081974385464533,0.8724891347797492,500,6,0.08,1.0,1.0,10,0.1,10.0
stage1,36,validation,5.0,10033,0.24673761397355856,0.014714094607256681,0.059634582544165746,0.970875007336643,500,8,0.02,1.0,1.0,5,0.0,5.0
stage1,36,validation,10.0,10226,0.24492056776600468,0.01904023370179179,0.0777404440772924,0.9493918995903514,500,8,0.02,1.0,1.0,5,0.0,5.0
stage1,36,validation,15.0,10050,0.24787172644001382,0.020123739740880452,0.08118610391714239,0.9568008948476698,500,8,0.02,1.0,1.0,5,0.0,5.0
stage1,36,validation,20.0,10014,0.24464012772246985,0.02140245565202935,0.08748546631037246,0.9537621354264563,500,8,0.02,1.0,1.0,5,0.0,5.0
stage1,36,validation,30.0,10182,0.24292622524049884,0.02586271253424652,0.10646323800010574,0.9397800089100752,500,8,0.02,1.0,1.0,5,0.0,5.0
stage1,36,validation,45.0,10105,0.24047493207258544,0.030631912353187355,0.12738089616734502,0.9244040196901555,500,8,0.02,1.0,1.0,5,0.0,5.0
stage1,36,validation,60.0,10084,0.24538690556167989,0.03646929020142494,0.14861954478764192,0.9076853697721925,500,8,0.02,1.0,1.0,5,0.0,5.0
stage1,36,validation,90.0,9989,0.23830317805463633,0.04411045440741325,0.18510224986298732,0.8837451854325712,500,8,0.02,1.0,1.0,5,0.0,5.0
stage1,36,validation,120.0,9948,0.24625713515464295,0.050764403206879374,0.20614388766847577,0.8711122848872881,500,8,0.02,1.0,1.0,5,0.0,5.0
stage1,37,validation,5.0,10033,0.24673761397355856,0.015896031047377482,0.06442483896711819,0.9686901737899786,800,8,0.08,0.85,0.85,1,0.01,3.0
stage1,37,validation,10.0,10226,0.24492056776600468,0.020344354896110348,0.08306511405586482,0.9465180665959242,800,8,0.08,0.85,0.85,1,0.01,3.0
stage1,37,validation,15.0,10050,0.24787172644001382,0.02171356448518002,0.08760000503903703,0.9532288833567765,800,8,0.08,0.85,0.85,1,0.01,3.0
stage1,37,validation,20.0,10014,0.24464012772246985,0.022458646727408025,0.09180279186612454,0.9532874346942943,800,8,0.08,0.85,0.85,1,0.01,3.0
stage1,37,validation,30.0,10182,0.24292622524049884,0.027185100805379735,0.11190681771169941,0.9369036708858639,800,8,0.08,0.85,0.85,1,0.01,3.0
stage1,37,validation,45.0,10105,0.24047493207258544,0.03164966247852004,0.13161314655852294,0.9226768943303916,800,8,0.08,0.85,0.85,1,0.01,3.0
stage1,37,validation,60.0,10084,0.24538690556167989,0.036705585306281284,0.1495824939079932,0.9068417891108027,800,8,0.08,0.85,0.85,1,0.01,3.0
stage1,37,validation,90.0,9989,0.23830317805463633,0.044894551183843535,0.18839258271893652,0.8820938583182047,800,8,0.08,0.85,0.85,1,0.01,3.0
stage1,37,validation,120.0,9948,0.24625713515464295,0.052394022162200224,0.2127614378738637,0.864387983458706,800,8,0.08,0.85,0.85,1,0.01,3.0
stage1,38,validation,5.0,10033,0.24673761397355856,0.015526143920548106,0.06292572774174574,0.970347168890129,300,6,0.08,0.85,0.85,1,0.01,3.0
stage1,38,validation,10.0,10226,0.24492056776600468,0.01998836577341788,0.08161162598853118,0.9483202983128232,300,6,0.08,0.85,0.85,1,0.01,3.0
stage1,38,validation,15.0,10050,0.24787172644001382,0.020517027129256495,0.08277276083047623,0.9564873506151853,300,6,0.08,0.85,0.85,1,0.01,3.0
stage1,38,validation,20.0,10014,0.24464012772246985,0.022021463563401376,0.09001574585663828,0.9535811419330602,300,6,0.08,0.85,0.85,1,0.01,3.0
stage1,38,validation,30.0,10182,0.24292622524049884,0.026150397794160007,0.1076474874965472,0.939866039279589,300,6,0.08,0.85,0.85,1,0.01,3.0
stage1,38,validation,45.0,10105,0.24047493207258544,0.030908621159947598,0.12853157247433208,0.9244934247400078,300,6,0.08,0.85,0.85,1,0.01,3.0
stage1,38,validation,60.0,10084,0.24538690556167989,0.03705887589814328,0.15102222269487908,0.9077353288204932,300,6,0.08,0.85,0.85,1,0.01,3.0
stage1,38,validation,90.0,9989,0.23830317805463633,0.044841897737308324,0.18817163121100852,0.8830253631515182,300,6,0.08,0.85,0.85,1,0.01,3.0
stage1,38,validation,120.0,9948,0.24625713515464295,0.05151108392943552,0.2091760057920268,0.8702954285689726,300,6,0.08,0.85,0.85,1,0.01,3.0
stage1,39,validation,5.0,10033,0.24673761397355856,0.015139434624718296,0.06135843814369017,0.9717179554911021,800,6,0.02,1.0,1.0,10,0.01,3.0
stage1,39,validation,10.0,10226,0.24492056776600468,0.01995294063602989,0.08146698669706165,0.9498859544326865,800,6,0.02,1.0,1.0,10,0.01,3.0
stage1,39,validation,15.0,10050,0.24787172644001382,0.020665131254066157,0.08337026392990901,0.957283069681086,800,6,0.02,1.0,1.0,10,0.01,3.0
stage1,39,validation,20.0,10014,0.24464012772246985,0.022148787262359085,0.09053619889982076,0.9542211634271677,800,6,0.02,1.0,1.0,10,0.01,3.0
stage1,39,validation,30.0,10182,0.24292622524049884,0.026019465957620478,0.10710850972084635,0.9412093406461045,800,6,0.02,1.0,1.0,10,0.01,3.0
stage1,39,validation,45.0,10105,0.24047493207258544,0.030697526326835655,0.12765374778261648,0.9248085496034935,800,6,0.02,1.0,1.0,10,0.01,3.0
stage1,39,validation,60.0,10084,0.24538690556167989,0.03700991358763387,0.15082269163026363,0.9071429977092221,800,6,0.02,1.0,1.0,10,0.01,3.0
stage1,39,validation,90.0,9989,0.23830317805463633,0.0445974477861989,0.18714583729124226,0.8848480650371584,800,6,0.02,1.0,1.0,10,0.01,3.0
stage1,39,validation,120.0,9948,0.24625713515464295,0.050608144181848405,0.20550935163794476,0.8729253501631096,800,6,0.02,1.0,1.0,10,0.01,3.0
stage1,40,validation,5.0,10033,0.24673761397355856,0.016312664189093374,0.06611340657140953,0.9713547154426215,300,5,0.04,1.0,0.85,1,0.1,10.0
stage1,40,validation,10.0,10226,0.24492056776600468,0.02052703554542489,0.08381099118239946,0.9507221851781472,300,5,0.04,1.0,0.85,1,0.1,10.0
stage1,40,validation,15.0,10050,0.24787172644001382,0.02137326347819571,0.08622711345566936,0.9581575543440258,300,5,0.04,1.0,0.85,1,0.1,10.0
stage1,40,validation,20.0,10014,0.24464012772246985,0.02269059539378998,0.09275091378112407,0.9541126647479595,300,5,0.04,1.0,0.85,1,0.1,10.0
stage1,40,validation,30.0,10182,0.24292622524049884,0.026647908226334616,0.10969547729955043,0.9415167916139203,300,5,0.04,1.0,0.85,1,0.1,10.0
stage1,40,validation,45.0,10105,0.24047493207258544,0.031138749800929004,0.12948854806841165,0.9240394885940738,300,5,0.04,1.0,0.85,1,0.1,10.0
stage1,40,validation,60.0,10084,0.24538690556167989,0.03723451993533379,0.1517380067616306,0.9076998021256545,300,5,0.04,1.0,0.85,1,0.1,10.0
stage1,40,validation,90.0,9989,0.23830317805463633,0.044690495020588215,0.18753629467057262,0.8853954537379127,300,5,0.04,1.0,0.85,1,0.1,10.0
stage1,40,validation,120.0,9948,0.24625713515464295,0.050581318495670005,0.20540041799766037,0.8719047508044029,300,5,0.04,1.0,0.85,1,0.1,10.0
stage1,41,validation,5.0,10033,0.24673761397355856,0.015091139360469139,0.061162702830085604,0.9712157253158782,500,6,0.06,0.7,1.0,1,1.0,3.0
stage1,41,validation,10.0,10226,0.24492056776600468,0.019618241009885164,0.08010042271594066,0.9501522122446919,500,6,0.06,0.7,1.0,1,1.0,3.0
stage1,41,validation,15.0,10050,0.24787172644001382,0.02040199160450318,0.08230866786430587,0.9572416234583183,500,6,0.06,0.7,1.0,1,1.0,3.0
stage1,41,validation,20.0,10014,0.24464012772246985,0.021738997456394397,0.08886112698999259,0.9547945134368697,500,6,0.06,0.7,1.0,1,1.0,3.0
stage1,41,validation,30.0,10182,0.24292622524049884,0.025959402226610136,0.10686125880773115,0.9408619180480906,500,6,0.06,0.7,1.0,1,1.0,3.0
stage1,41,validation,45.0,10105,0.24047493207258544,0.030785934632042468,0.12802138820336575,0.925326261164966,500,6,0.06,0.7,1.0,1,1.0,3.0
stage1,41,validation,60.0,10084,0.24538690556167989,0.036839274462923614,0.1501273035682166,0.9070396256620928,500,6,0.06,0.7,1.0,1,1.0,3.0
stage1,41,validation,90.0,9989,0.23830317805463633,0.044674415544126336,0.18746881979846583,0.8838962671027124,500,6,0.06,0.7,1.0,1,1.0,3.0
stage1,41,validation,120.0,9948,0.24625713515464295,0.050944232828275524,0.206874139083458,0.8734331571820969,500,6,0.06,0.7,1.0,1,1.0,3.0
stage1,42,validation,5.0,10033,0.24673761397355856,0.01821329684447413,0.07381645850894036,0.9698328540313957,800,3,0.04,0.85,1.0,3,0.0,3.0
stage1,42,validation,10.0,10226,0.24492056776600468,0.022421835822632043,0.09154737810363767,0.948851676009731,800,3,0.04,0.85,1.0,3,0.0,3.0
stage1,42,validation,15.0,10050,0.24787172644001382,0.02296511084124877,0.09264917451892779,0.9574569785426642,800,3,0.04,0.85,1.0,3,0.0,3.0
stage1,42,validation,20.0,10014,0.24464012772246985,0.024078982061450076,0.0984261342798443,0.9527117243308206,800,3,0.04,0.85,1.0,3,0.0,3.0
stage1,42,validation,30.0,10182,0.24292622524049884,0.028000993604799507,0.11526542091978051,0.9395655038366316,800,3,0.04,0.85,1.0,3,0.0,3.0
stage1,42,validation,45.0,10105,0.24047493207258544,0.03207449614263058,0.13337979084218704,0.9214869817893171,800,3,0.04,0.85,1.0,3,0.0,3.0
stage1,42,validation,60.0,10084,0.24538690556167989,0.03791976945741688,0.15453053361026003,0.9052095050047941,800,3,0.04,0.85,1.0,3,0.0,3.0
stage1,42,validation,90.0,9989,0.23830317805463633,0.04485502884095896,0.18822673372268223,0.8813686695455247,800,3,0.04,0.85,1.0,3,0.0,3.0
stage1,42,validation,120.0,9948,0.24625713515464295,0.051016676285911375,0.20716831718956794,0.8682062836571425,800,3,0.04,0.85,1.0,3,0.0,3.0
stage1,43,validation,5.0,10033,0.24673761397355856,0.01762757979662901,0.07144261271213417,0.9698161240729576,300,4,0.06,0.85,1.0,3,0.0,1.0
stage1,43,validation,10.0,10226,0.24492056776600468,0.022088860855615733,0.09018785583054531,0.9486985177635117,300,4,0.06,0.85,1.0,3,0.0,1.0
stage1,43,validation,15.0,10050,0.24787172644001382,0.02315887823589858,0.09343089899163284,0.9541347892132536,300,4,0.06,0.85,1.0,3,0.0,1.0
stage1,43,validation,20.0,10014,0.24464012772246985,0.023616795630267633,0.09653688399418892,0.9525653452783363,300,4,0.06,0.85,1.0,3,0.0,1.0
stage1,43,validation,30.0,10182,0.24292622524049884,0.02746227279193105,0.11304778956962423,0.9393110629412758,300,4,0.06,0.85,1.0,3,0.0,1.0
stage1,43,validation,45.0,10105,0.24047493207258544,0.03177928245907774,0.1321521631597152,0.9218803207195854,300,4,0.06,0.85,1.0,3,0.0,1.0
stage1,43,validation,60.0,10084,0.24538690556167989,0.037646896514051335,0.15341852258937466,0.9065778007220688,300,4,0.06,0.85,1.0,3,0.0,1.0
stage1,43,validation,90.0,9989,0.23830317805463633,0.044875514898248106,0.1883127000847609,0.8821720881627888,300,4,0.06,0.85,1.0,3,0.0,1.0
stage1,43,validation,120.0,9948,0.24625713515464295,0.050548003012337084,0.20526513061477092,0.8697790684852229,300,4,0.06,0.85,1.0,3,0.0,1.0
stage1,44,validation,5.0,10033,0.24673761397355856,0.018209030563253868,0.07379916774750535,0.970463412499563,1200,3,0.04,0.7,1.0,5,0.01,10.0
stage1,44,validation,10.0,10226,0.24492056776600468,0.022260983441278977,0.09089062484350827,0.950073966808271,1200,3,0.04,0.7,1.0,5,0.01,10.0
stage1,44,validation,15.0,10050,0.24787172644001382,0.023018101958328943,0.09286295895429379,0.957281590764657,1200,3,0.04,0.7,1.0,5,0.01,10.0
stage1,44,validation,20.0,10014,0.24464012772246985,0.02383916862764527,0.09744586405174475,0.9539986736492038,1200,3,0.04,0.7,1.0,5,0.01,10.0
stage1,44,validation,30.0,10182,0.24292622524049884,0.027751338453893968,0.11423772145810905,0.9405017675874648,1200,3,0.04,0.7,1.0,5,0.01,10.0
stage1,44,validation,45.0,10105,0.24047493207258544,0.031958166119727904,0.13289603970064368,0.9228518850440641,1200,3,0.04,0.7,1.0,5,0.01,10.0
stage1,44,validation,60.0,10084,0.24538690556167989,0.0377891860146476,0.15399838034613056,0.9056359259103245,1200,3,0.04,0.7,1.0,5,0.01,10.0
stage1,44,validation,90.0,9989,0.23830317805463633,0.044774060567852735,0.1878869637130365,0.8822500306836312,1200,3,0.04,0.7,1.0,5,0.01,10.0
stage1,44,validation,120.0,9948,0.24625713515464295,0.05075481675925646,0.20610495905990206,0.8691238034450973,1200,3,0.04,0.7,1.0,5,0.01,10.0
stage1,45,validation,5.0,10033,0.24673761397355856,0.015523385578707789,0.062914548490249,0.9719870887575042,1200,6,0.01,0.85,0.85,10,0.0,10.0
stage1,45,validation,10.0,10226,0.24492056776600468,0.01977178987311653,0.08072735603000215,0.9509549694753131,1200,6,0.01,0.85,0.85,10,0.0,10.0
stage1,45,validation,15.0,10050,0.24787172644001382,0.020351673983626403,0.0821056692343312,0.9595601251997955,1200,6,0.01,0.85,0.85,10,0.0,10.0
stage1,45,validation,20.0,10014,0.24464012772246985,0.022042803046371007,0.09010297391349181,0.9547195031175774,1200,6,0.01,0.85,0.85,10,0.0,10.0
stage1,45,validation,30.0,10182,0.24292622524049884,0.026105820159090513,0.10746398472723787,0.9420010003293231,1200,6,0.01,0.85,0.85,10,0.0,10.0
stage1,45,validation,45.0,10105,0.24047493207258544,0.03073885499479483,0.127825610469521,0.9252846853146356,1200,6,0.01,0.85,0.85,10,0.0,10.0
stage1,45,validation,60.0,10084,0.24538690556167989,0.03684270920168415,0.1501413008055699,0.9082308809322209,1200,6,0.01,0.85,0.85,10,0.0,10.0
stage1,45,validation,90.0,9989,0.23830317805463633,0.04438053567346407,0.1862356013703218,0.8858136218044149,1200,6,0.01,0.85,0.85,10,0.0,10.0
stage1,45,validation,120.0,9948,0.24625713515464295,0.050717765104978524,0.2059544998488231,0.8724146624814114,1200,6,0.01,0.85,0.85,10,0.0,10.0
stage1,46,validation,5.0,10033,0.24673761397355856,0.015249764578579956,0.06180559312782438,0.9696871649068579,1200,6,0.04,0.85,1.0,3,0.0,3.0
stage1,46,validation,10.0,10226,0.24492056776600468,0.019863845036961775,0.08110321325050801,0.9480564981953026,1200,6,0.04,0.85,1.0,3,0.0,3.0
stage1,46,validation,15.0,10050,0.24787172644001382,0.020598641119540517,0.0831020198042857,0.9556129212445187,1200,6,0.04,0.85,1.0,3,0.0,3.0
stage1,46,validation,20.0,10014,0.24464012772246985,0.021933234031775658,0.0896550955722916,0.9534213069571631,1200,6,0.04,0.85,1.0,3,0.0,3.0
stage1,46,validation,30.0,10182,0.24292622524049884,0.026295885185170675,0.10824638286433483,0.9387721330736513,1200,6,0.04,0.85,1.0,3,0.0,3.0
stage1,46,validation,45.0,10105,0.24047493207258544,0.031112317276143227,0.12937863006341227,0.923842318742113,1200,6,0.04,0.85,1.0,3,0.0,3.0
stage1,46,validation,60.0,10084,0.24538690556167989,0.03694525454679259,0.15055919329609915,0.9061994732065171,1200,6,0.04,0.85,1.0,3,0.0,3.0
stage1,46,validation,90.0,9989,0.23830317805463633,0.04480052944001691,0.1879980359714103,0.8819023533582899,1200,6,0.04,0.85,1.0,3,0.0,3.0
stage1,46,validation,120.0,9948,0.24625713515464295,0.05155455040434883,0.20935251428135854,0.870842306633869,1200,6,0.04,0.85,1.0,3,0.0,3.0
stage1,47,validation,5.0,10033,0.24673761397355856,0.016335301229625208,0.0662051519691512,0.9709228733413318,500,5,0.04,0.7,0.7,3,0.1,1.0
stage1,47,validation,10.0,10226,0.24492056776600468,0.020729491238846286,0.08463760895185858,0.9489264485050588,500,5,0.04,0.7,0.7,3,0.1,1.0
stage1,47,validation,15.0,10050,0.24787172644001382,0.021570694744203825,0.08702361924857953,0.9565500146385363,500,5,0.04,0.7,0.7,3,0.1,1.0
stage1,47,validation,20.0,10014,0.24464012772246985,0.022726925639917395,0.09289941863380559,0.9536999847311022,500,5,0.04,0.7,0.7,3,0.1,1.0
stage1,47,validation,30.0,10182,0.24292622524049884,0.02671620950736562,0.10997663789043922,0.940014527119191,500,5,0.04,0.7,0.7,3,0.1,1.0
stage1,47,validation,45.0,10105,0.24047493207258544,0.03147734949333647,0.1308965937615289,0.9231516750532018,500,5,0.04,0.7,0.7,3,0.1,1.0
stage1,47,validation,60.0,10084,0.24538690556167989,0.03758777371014389,0.15317758551177424,0.9061605478861592,500,5,0.04,0.7,0.7,3,0.1,1.0
stage1,47,validation,90.0,9989,0.23830317805463633,0.045106129834654014,0.18928043764616695,0.8823883390942004,500,5,0.04,0.7,0.7,3,0.1,1.0
stage1,47,validation,120.0,9948,0.24625713515464295,0.051142466584319694,0.20767912593559404,0.8706431260065854,500,5,0.04,0.7,0.7,3,0.1,1.0
stage1,48,validation,5.0,10033,0.24673761397355856,0.016817441761298527,0.06815921371072654,0.9713316681538846,500,6,0.01,0.7,0.85,10,0.01,5.0
stage1,48,validation,10.0,10226,0.24492056776600468,0.020471228786250892,0.08358313461778741,0.9512429736814452,500,6,0.01,0.7,0.85,10,0.01,5.0
stage1,48,validation,15.0,10050,0.24787172644001382,0.021051172366506807,0.0849276868679143,0.9599313528934477,500,6,0.01,0.7,0.85,10,0.01,5.0
stage1,48,validation,20.0,10014,0.24464012772246985,0.02275095150119672,0.09299762762961916,0.9545345927402309,500,6,0.01,0.7,0.85,10,0.01,5.0
stage1,48,validation,30.0,10182,0.24292622524049884,0.027082857588681192,0.11148593595388458,0.9415463959258535,500,6,0.01,0.7,0.85,10,0.01,5.0
stage1,48,validation,45.0,10105,0.24047493207258544,0.03143076384147216,0.1307028702350773,0.9243772708110343,500,6,0.01,0.7,0.85,10,0.01,5.0
stage1,48,validation,60.0,10084,0.24538690556167989,0.03740896619043143,0.15244890963029972,0.9076176694356659,500,6,0.01,0.7,0.85,10,0.01,5.0
stage1,48,validation,90.0,9989,0.23830317805463633,0.04491513212206713,0.18847894723321454,0.8855082604122185,500,6,0.01,0.7,0.85,10,0.01,5.0
stage1,48,validation,120.0,9948,0.24625713515464295,0.05136358959907747,0.20857706139894178,0.8702551841484341,500,6,0.01,0.7,0.85,10,0.01,5.0
stage1,49,validation,5.0,10033,0.24673761397355856,0.018557158304439724,0.0752100906124041,0.9701456896968612,500,3,0.04,0.85,1.0,10,0.1,3.0
stage1,49,validation,10.0,10226,0.24492056776600468,0.02278263170083544,0.09302049194415472,0.949951960819745,500,3,0.04,0.85,1.0,10,0.1,3.0
stage1,49,validation,15.0,10050,0.24787172644001382,0.023212121097528255,0.09364569905130225,0.9582061215544317,500,3,0.04,0.85,1.0,10,0.1,3.0
stage1,49,validation,20.0,10014,0.24464012772246985,0.02446820687235366,0.10001714395813034,0.9534521956125617,500,3,0.04,0.85,1.0,10,0.1,3.0
stage1,49,validation,30.0,10182,0.24292622524049884,0.02810369509154398,0.11568818913528625,0.9404889857413482,500,3,0.04,0.85,1.0,10,0.1,3.0
stage1,49,validation,45.0,10105,0.24047493207258544,0.03198048982620489,0.13298887144108573,0.9224609467311876,500,3,0.04,0.85,1.0,10,0.1,3.0
stage1,49,validation,60.0,10084,0.24538690556167989,0.03778649919486864,0.153987431026024,0.9057237869352126,500,3,0.04,0.85,1.0,10,0.1,3.0
stage1,49,validation,90.0,9989,0.23830317805463633,0.04458859444614291,0.18710868570926056,0.8819880301124833,500,3,0.04,0.85,1.0,10,0.1,3.0
stage1,49,validation,120.0,9948,0.24625713515464295,0.050398415279358795,0.2046576853406092,0.8678065791751233,500,3,0.04,0.85,1.0,10,0.1,3.0
stage1,50,validation,5.0,10033,0.24673761397355856,0.01858744194765201,0.07533282683702987,0.9702663978950085,1200,3,0.02,0.7,0.7,1,1.0,10.0
stage1,50,validation,10.0,10226,0.24492056776600468,0.02264922357213684,0.09247579237108311,0.9503745124615613,1200,3,0.02,0.7,0.7,1,1.0,10.0
stage1,50,validation,15.0,10050,0.24787172644001382,0.02307350381478566,0.09308646914342432,0.9582760427820345,1200,3,0.02,0.7,0.7,1,1.0,10.0
stage1,50,validation,20.0,10014,0.24464012772246985,0.024273940342572978,0.09922305293312456,0.9536077822840119,1200,3,0.02,0.7,0.7,1,1.0,10.0
stage1,50,validation,30.0,10182,0.24292622524049884,0.028138597595244928,0.11583186445756319,0.9406529814060653,1200,3,0.02,0.7,0.7,1,1.0,10.0
stage1,50,validation,45.0,10105,0.24047493207258544,0.032073508315787425,0.13337568302589764,0.9225926661951988,1200,3,0.02,0.7,0.7,1,1.0,10.0
stage1,50,validation,60.0,10084,0.24538690556167989,0.037709304388484174,0.1536728469767742,0.9059034236233621,1200,3,0.02,0.7,0.7,1,1.0,10.0
stage1,50,validation,90.0,9989,0.23830317805463633,0.04463869090011155,0.18731890721942923,0.8826840090807826,1200,3,0.02,0.7,0.7,1,1.0,10.0
stage1,50,validation,120.0,9948,0.24625713515464295,0.050656356606639905,0.2057051324617622,0.8677155288279543,1200,3,0.02,0.7,0.7,1,1.0,10.0
stage1,51,validation,5.0,10033,0.24673761397355856,0.015392315518269062,0.06238333616989004,0.9702761355458548,800,6,0.06,0.85,1.0,10,0.0,5.0
stage1,51,validation,10.0,10226,0.24492056776600468,0.019855036875850825,0.0810672499127153,0.9488325156129311,800,6,0.06,0.85,1.0,10,0.0,5.0
stage1,51,validation,15.0,10050,0.24787172644001382,0.020603911460113467,0.08312328217514439,0.9560175841581027,800,6,0.06,0.85,1.0,10,0.0,5.0
stage1,51,validation,20.0,10014,0.24464012772246985,0.02187295411415732,0.08940869315998284,0.9543297039639954,800,6,0.06,0.85,1.0,10,0.0,5.0
stage1,51,validation,30.0,10182,0.24292622524049884,0.026237433322696426,0.10800576716952302,0.9392961435431869,800,6,0.06,0.85,1.0,10,0.0,5.0
stage1,51,validation,45.0,10105,0.24047493207258544,0.03094273479527772,0.12867343189824834,0.9242757937331941,800,6,0.06,0.85,1.0,10,0.0,5.0
stage1,51,validation,60.0,10084,0.24538690556167989,0.03684410222215128,0.15014697763850415,0.9077215471027126,800,6,0.06,0.85,1.0,10,0.0,5.0
stage1,51,validation,90.0,9989,0.23830317805463633,0.0448492464308966,0.18820246879214472,0.8824569340257351,800,6,0.06,0.85,1.0,10,0.0,5.0
stage1,51,validation,120.0,9948,0.24625713515464295,0.05192339040801241,0.21085029830874097,0.8696475244072595,800,6,0.06,0.85,1.0,10,0.0,5.0
stage1,52,validation,5.0,10033,0.24673761397355856,0.017294811340735936,0.0700939393155894,0.9709091273515248,1200,3,0.06,0.7,0.7,5,1.0,10.0
stage1,52,validation,10.0,10226,0.24492056776600468,0.021635407293796004,0.08833642470756606,0.9500283543431605,1200,3,0.06,0.7,0.7,5,1.0,10.0
stage1,52,validation,15.0,10050,0.24787172644001382,0.022353420230672945,0.09018140371117551,0.9572956358068354,1200,3,0.06,0.7,0.7,5,1.0,10.0
stage1,52,validation,20.0,10014,0.24464012772246985,0.023328267736735072,0.09535748674559086,0.9540514000843361,1200,3,0.06,0.7,0.7,5,1.0,10.0
stage1,52,validation,30.0,10182,0.24292622524049884,0.02743437027728014,0.11293292953496438,0.9404805913159896,1200,3,0.06,0.7,0.7,5,1.0,10.0
stage1,52,validation,45.0,10105,0.24047493207258544,0.031746871595839075,0.1320173846072926,0.9232154390648561,1200,3,0.06,0.7,0.7,5,1.0,10.0
stage1,52,validation,60.0,10084,0.24538690556167989,0.03776495004173343,0.15389961398018004,0.9055300074185896,1200,3,0.06,0.7,0.7,5,1.0,10.0
stage1,52,validation,90.0,9989,0.23830317805463633,0.04528097996318441,0.19001416738472005,0.8819873173059871,1200,3,0.06,0.7,0.7,5,1.0,10.0
stage1,52,validation,120.0,9948,0.24625713515464295,0.05141065939237002,0.20876820222928968,0.8701021195791191,1200,3,0.06,0.7,0.7,5,1.0,10.0
stage1,53,validation,5.0,10033,0.24673761397355856,0.01889446884564207,0.07657717257356182,0.9694376860055343,300,4,0.02,0.85,0.7,3,0.1,3.0
stage1,53,validation,10.0,10226,0.24492056776600468,0.022232617325709466,0.09077480723036027,0.9502120999321463,300,4,0.02,0.85,0.7,3,0.1,3.0
stage1,53,validation,15.0,10050,0.24787172644001382,0.022721911312047514,0.09166802377336218,0.9581967158562201,300,4,0.02,0.85,0.7,3,0.1,3.0
stage1,53,validation,20.0,10014,0.24464012772246985,0.024033182638640314,0.09823892287165815,0.9534418056093239,300,4,0.02,0.85,0.7,3,0.1,3.0
stage1,53,validation,30.0,10182,0.24292622524049884,0.028056839663015726,0.11549530988364569,0.9402216443012785,300,4,0.02,0.85,0.7,3,0.1,3.0
stage1,53,validation,45.0,10105,0.24047493207258544,0.031784426688184333,0.13217355511546816,0.9230397273558163,300,4,0.02,0.85,0.7,3,0.1,3.0
stage1,53,validation,60.0,10084,0.24538690556167989,0.037601751452680764,0.15323454756728766,0.9064932250881782,300,4,0.02,0.85,0.7,3,0.1,3.0
stage1,53,validation,90.0,9989,0.23830317805463633,0.044957783326402254,0.1886579259807214,0.8838643788844386,300,4,0.02,0.85,0.7,3,0.1,3.0
stage1,53,validation,120.0,9948,0.24625713515464295,0.05080833897636416,0.20632230186734637,0.8672737860682687,300,4,0.02,0.85,0.7,3,0.1,3.0
stage1,54,validation,5.0,10033,0.24673761397355856,0.01668064851768492,0.06760480596798057,0.9713053240515119,500,5,0.02,0.85,1.0,10,0.1,1.0
stage1,54,validation,10.0,10226,0.24492056776600468,0.0206445228070514,0.08429068654934291,0.9509857612432165,500,5,0.02,0.85,1.0,10,0.1,1.0
stage1,54,validation,15.0,10050,0.24787172644001382,0.021345709376566054,0.08611595071022278,0.9586412027830473,500,5,0.02,0.85,1.0,10,0.1,1.0
stage1,54,validation,20.0,10014,0.24464012772246985,0.02267815208536228,0.09270005005511336,0.9544518759782084,500,5,0.02,0.85,1.0,10,0.1,1.0
stage1,54,validation,30.0,10182,0.24292622524049884,0.02661130442920797,0.1095447986435494,0.9416198776276237,500,5,0.02,0.85,1.0,10,0.1,1.0
stage1,54,validation,45.0,10105,0.24047493207258544,0.031114026684723597,0.12938573853233098,0.9243772890931059,500,5,0.02,0.85,1.0,10,0.1,1.0
stage1,54,validation,60.0,10084,0.24538690556167989,0.037164363281943655,0.1514521045728828,0.9073435853907105,500,5,0.02,0.85,1.0,10,0.1,1.0
stage1,54,validation,90.0,9989,0.23830317805463633,0.0445972926021482,0.18714518608695715,0.884475120205332,500,5,0.02,0.85,1.0,10,0.1,1.0
stage1,54,validation,120.0,9948,0.24625713515464295,0.05062175628326806,0.2055646276055268,0.87122814750727,500,5,0.02,0.85,1.0,10,0.1,1.0
stage1,55,validation,5.0,10033,0.24673761397355856,0.018056325514244253,0.07318027123411855,0.9705809302484576,500,5,0.01,0.85,0.7,10,0.01,10.0
stage1,55,validation,10.0,10226,0.24492056776600468,0.021515371362951823,0.08784632323532522,0.9507582011414776,500,5,0.01,0.85,0.7,10,0.01,10.0
stage1,55,validation,15.0,10050,0.24787172644001382,0.021985478806221422,0.08869700115451455,0.9594562712156912,500,5,0.01,0.85,0.7,10,0.01,10.0
stage1,55,validation,20.0,10014,0.24464012772246985,0.02348934877033308,0.09601592751365955,0.9541275703065335,500,5,0.01,0.85,0.7,10,0.01,10.0
stage1,55,validation,30.0,10182,0.24292622524049884,0.02766689634649425,0.11389011754125686,0.9412997504620191,500,5,0.01,0.85,0.7,10,0.01,10.0
stage1,55,validation,45.0,10105,0.24047493207258544,0.031608917570556234,0.13144371140113406,0.9236723694031403,500,5,0.01,0.85,0.7,10,0.01,10.0
stage1,55,validation,60.0,10084,0.24538690556167989,0.037778466656081394,0.15395469684744642,0.9068901931698843,500,5,0.01,0.85,0.7,10,0.01,10.0
stage1,55,validation,90.0,9989,0.23830317805463633,0.045239470492132186,0.1898399797327085,0.8849297936931236,500,5,0.01,0.85,0.7,10,0.01,10.0
stage1,55,validation,120.0,9948,0.24625713515464295,0.051367260544116625,0.2085919683580309,0.8688648830737821,500,5,0.01,0.85,0.7,10,0.01,10.0
stage1,56,validation,5.0,10033,0.24673761397355856,0.01880320697261983,0.07620729839202733,0.9693606225655499,300,4,0.02,1.0,0.85,1,0.01,3.0
stage1,56,validation,10.0,10226,0.24492056776600468,0.022179186425554637,0.0905566511945394,0.9503202166096142,300,4,0.02,1.0,0.85,1,0.01,3.0
stage1,56,validation,15.0,10050,0.24787172644001382,0.022660975151790358,0.09142218629471008,0.9580215235265461,300,4,0.02,1.0,0.85,1,0.01,3.0
stage1,56,validation,20.0,10014,0.24464012772246985,0.02401826903566715,0.09817796147864383,0.9532290798093142,300,4,0.02,1.0,0.85,1,0.01,3.0
stage1,56,validation,30.0,10182,0.24292622524049884,0.028082794022368775,0.11560215038358494,0.9404508186777828,300,4,0.02,1.0,0.85,1,0.01,3.0
stage1,56,validation,45.0,10105,0.24047493207258544,0.0316988263770917,0.13181759156303102,0.9232199811704918,300,4,0.02,1.0,0.85,1,0.01,3.0
stage1,56,validation,60.0,10084,0.24538690556167989,0.037573718336023965,0.15312030709226057,0.9065850120695437,300,4,0.02,1.0,0.85,1,0.01,3.0
stage1,56,validation,90.0,9989,0.23830317805463633,0.04486655935422407,0.18827511962067667,0.884005039601052,300,4,0.02,1.0,0.85,1,0.01,3.0
stage1,56,validation,120.0,9948,0.24625713515464295,0.050941948687565075,0.20686486365389933,0.8674340256872255,300,4,0.02,1.0,0.85,1,0.01,3.0
stage1,57,validation,5.0,10033,0.24673761397355856,0.017218198019785906,0.06978343408002267,0.9706979170029117,300,4,0.06,1.0,1.0,1,1.0,3.0
stage1,57,validation,10.0,10226,0.24492056776600468,0.021743624583457313,0.0887782711831332,0.9500577096362975,300,4,0.06,1.0,1.0,1,1.0,3.0
stage1,57,validation,15.0,10050,0.24787172644001382,0.022660413883203823,0.09141992194373066,0.9559639004266864,300,4,0.06,1.0,1.0,1,1.0,3.0
stage1,57,validation,20.0,10014,0.24464012772246985,0.023425479639715602,0.09575485370204867,0.9534436461610007,300,4,0.06,1.0,1.0,1,1.0,3.0
stage1,57,validation,30.0,10182,0.24292622524049884,0.027436995400541644,0.11294373579212703,0.9407813541077897,300,4,0.06,1.0,1.0,1,1.0,3.0
stage1,57,validation,45.0,10105,0.24047493207258544,0.031709629493457785,0.13186251564835244,0.9230170439760689,300,4,0.06,1.0,1.0,1,1.0,3.0
stage1,57,validation,60.0,10084,0.24538690556167989,0.03750211877163528,0.15282852475683073,0.9057604343195305,300,4,0.06,1.0,1.0,1,1.0,3.0
stage1,57,validation,90.0,9989,0.23830317805463633,0.044878712776620595,0.18832611945414823,0.8827789966279562,300,4,0.06,1.0,1.0,1,1.0,3.0
stage1,57,validation,120.0,9948,0.24625713515464295,0.05078830563769262,0.20624095056494063,0.8699421868430697,300,4,0.06,1.0,1.0,1,1.0,3.0
stage1,58,validation,5.0,10033,0.24673761397355856,0.015429711901956598,0.0625348995374905,0.9706176972966412,500,6,0.08,0.85,0.85,10,0.1,3.0
stage1,58,validation,10.0,10226,0.24492056776600468,0.020048033029986076,0.08185524479569156,0.948251565008393,500,6,0.08,0.85,0.85,10,0.1,3.0
stage1,58,validation,15.0,10050,0.24787172644001382,0.02027410338445928,0.08179272269427515,0.9575881211341987,500,6,0.08,0.85,0.85,10,0.1,3.0
stage1,58,validation,20.0,10014,0.24464012772246985,0.02206967343278294,0.09021281029504577,0.9540316313366644,500,6,0.08,0.85,0.85,10,0.1,3.0
stage1,58,validation,30.0,10182,0.24292622524049884,0.026428527022556197,0.10879239981764732,0.9398194733840916,500,6,0.08,0.85,0.85,10,0.1,3.0
stage1,58,validation,45.0,10105,0.24047493207258544,0.03114701828915085,0.12952293206074958,0.9247180580826467,500,6,0.08,0.85,0.85,10,0.1,3.0
stage1,58,validation,60.0,10084,0.24538690556167989,0.03697827010204547,0.15069373819032367,0.9079387804792082,500,6,0.08,0.85,0.85,10,0.1,3.0
stage1,58,validation,90.0,9989,0.23830317805463633,0.04462687931872101,0.18726934186538335,0.8838138949524276,500,6,0.08,0.85,0.85,10,0.1,3.0
stage1,58,validation,120.0,9948,0.24625713515464295,0.05127742222542302,0.20822715326896885,0.8727141332721225,500,6,0.08,0.85,0.85,10,0.1,3.0
stage1,59,validation,5.0,10033,0.24673761397355856,0.01518278878632723,0.061534147719991654,0.969623499604781,1200,8,0.04,0.85,0.85,1,0.0,3.0
stage1,59,validation,10.0,10226,0.24492056776600468,0.019604394153340986,0.08004388660437405,0.9476774753632335,1200,8,0.04,0.85,0.85,1,0.0,3.0
stage1,59,validation,15.0,10050,0.24787172644001382,0.02058485477578546,0.08304640094063773,0.9546799211977653,1200,8,0.04,0.85,0.85,1,0.0,3.0
stage1,59,validation,20.0,10014,0.24464012772246985,0.021957076086317837,0.08975255323291392,0.9532649944199775,1200,8,0.04,0.85,0.85,1,0.0,3.0
stage1,59,validation,30.0,10182,0.24292622524049884,0.026592300095921978,0.10946656775980196,0.9368598983825874,1200,8,0.04,0.85,0.85,1,0.0,3.0
stage1,59,validation,45.0,10105,0.24047493207258544,0.03132918845147673,0.13028047531382717,0.9232869162175417,1200,8,0.04,0.85,0.85,1,0.0,3.0
stage1,59,validation,60.0,10084,0.24538690556167989,0.036667015354977364,0.1494253137552233,0.9071245699938527,1200,8,0.04,0.85,0.85,1,0.0,3.0
stage1,59,validation,90.0,9989,0.23830317805463633,0.04446579074570723,0.18659336022582315,0.882514558859526,1200,8,0.04,0.85,0.85,1,0.0,3.0
stage1,59,validation,120.0,9948,0.24625713515464295,0.05152030829858186,0.20921346407375557,0.8701350499895277,1200,8,0.04,0.85,0.85,1,0.0,3.0
stage1,60,validation,5.0,10033,0.24673761397355856,0.017534775542487162,0.07106648743213616,0.9702478510743996,1200,3,0.04,1.0,0.85,1,0.1,10.0
stage1,60,validation,10.0,10226,0.24492056776600468,0.022059725939178366,0.09006889923697248,0.9490418042899019,1200,3,0.04,1.0,0.85,1,0.1,10.0
stage1,60,validation,15.0,10050,0.24787172644001382,0.02250357970977841,0.09078719881843558,0.9575359787177091,1200,3,0.04,1.0,0.85,1,0.1,10.0
stage1,60,validation,20.0,10014,0.24464012772246985,0.02368976431229332,0.09683515346741478,0.9528650079358549,1200,3,0.04,1.0,0.85,1,0.1,10.0
stage1,60,validation,30.0,10182,0.24292622524049884,0.027750213231907975,0.11423308950869775,0.9399855199108069,1200,3,0.04,1.0,0.85,1,0.1,10.0
stage1,60,validation,45.0,10105,0.24047493207258544,0.032119525343531366,0.1335670419644254,0.921903222326597,1200,3,0.04,1.0,0.85,1,0.1,10.0
stage1,60,validation,60.0,10084,0.24538690556167989,0.037904548950272024,0.15446850704405019,0.9056806509219995,1200,3,0.04,1.0,0.85,1,0.1,10.0
stage1,60,validation,90.0,9989,0.23830317805463633,0.04523229714654451,0.1898098779705489,0.8816268151268116,1200,3,0.04,1.0,0.85,1,0.1,10.0
stage1,60,validation,120.0,9948,0.24625713515464295,0.05148522537939356,0.20907099949433833,0.8692602332753284,1200,3,0.04,1.0,0.85,1,0.1,10.0
stage1,61,validation,5.0,10033,0.24673761397355856,0.022776305891606743,0.09230982469518226,0.9673895838848813,300,8,0.01,0.7,0.85,1,0.01,5.0
stage1,61,validation,10.0,10226,0.24492056776600468,0.026230975889334034,0.10709993092288973,0.9469929581296123,300,8,0.01,0.7,0.85,1,0.01,5.0
stage1,61,validation,15.0,10050,0.24787172644001382,0.026788392868940133,0.10807361232231162,0.9546626019981918,300,8,0.01,0.7,0.85,1,0.01,5.0
stage1,61,validation,20.0,10014,0.24464012772246985,0.028320147248065204,0.11576247736509025,0.9505855891648904,300,8,0.01,0.7,0.85,1,0.01,5.0
stage1,61,validation,30.0,10182,0.24292622524049884,0.03253580615070303,0.133932868378012,0.9367469663717766,300,8,0.01,0.7,0.85,1,0.01,5.0
stage1,61,validation,45.0,10105,0.24047493207258544,0.036611100558522715,0.15224497723310282,0.9205557919747092,300,8,0.01,0.7,0.85,1,0.01,5.0
stage1,61,validation,60.0,10084,0.24538690556167989,0.04199225412804637,0.17112671123150577,0.9048336563740134,300,8,0.01,0.7,0.85,1,0.01,5.0
stage1,61,validation,90.0,9989,0.23830317805463633,0.04947739792831535,0.20762374355314536,0.8814657343339872,300,8,0.01,0.7,0.85,1,0.01,5.0
stage1,61,validation,120.0,9948,0.24625713515464295,0.055747135491302696,0.22637774721246137,0.8662434803451986,300,8,0.01,0.7,0.85,1,0.01,5.0
stage1,62,validation,5.0,10033,0.24673761397355856,0.015702229194084573,0.06363938169462598,0.9707258059754648,800,5,0.06,0.7,0.85,1,0.01,5.0
stage1,62,validation,10.0,10226,0.24492056776600468,0.020236371205442832,0.08262422135480477,0.9487485167715997,800,5,0.06,0.7,0.85,1,0.01,5.0
stage1,62,validation,15.0,10050,0.24787172644001382,0.02090958662783709,0.08435648118543004,0.9558838045141115,800,5,0.06,0.7,0.85,1,0.01,5.0
stage1,62,validation,20.0,10014,0.24464012772246985,0.022085332141534204,0.09027681740989256,0.9539380205418602,800,5,0.06,0.7,0.85,1,0.01,5.0
stage1,62,validation,30.0,10182,0.24292622524049884,0.026388997691424988,0.10862967827083994,0.9385386941234672,800,5,0.06,0.7,0.85,1,0.01,5.0
stage1,62,validation,45.0,10105,0.24047493207258544,0.031234700952190518,0.12988755494382498,0.9241966313131343,800,5,0.06,0.7,0.85,1,0.01,5.0
stage1,62,validation,60.0,10084,0.24538690556167989,0.037371887373203974,0.15229780614275795,0.9063869737764674,800,5,0.06,0.7,0.85,1,0.01,5.0
stage1,62,validation,90.0,9989,0.23830317805463633,0.04525433581064676,0.18990235959115573,0.8821403644691451,800,5,0.06,0.7,0.85,1,0.01,5.0
stage1,62,validation,120.0,9948,0.24625713515464295,0.051410255864435817,0.2087665635846512,0.8718188145776815,800,5,0.06,0.7,0.85,1,0.01,5.0
stage1,63,validation,5.0,10033,0.24673761397355856,0.014883756670532572,0.06032220394304201,0.9709308654900521,800,8,0.01,0.7,0.7,1,0.01,1.0
stage1,63,validation,10.0,10226,0.24492056776600468,0.019091550783921107,0.07794996948627457,0.9497066026017358,800,8,0.01,0.7,0.7,1,0.01,1.0
stage1,63,validation,15.0,10050,0.24787172644001382,0.01985913129423747,0.08011858221774026,0.957669879660003,800,8,0.01,0.7,0.7,1,0.01,1.0
stage1,63,validation,20.0,10014,0.24464012772246985,0.021513267964113545,0.08793842680019817,0.9540056289592034,800,8,0.01,0.7,0.7,1,0.01,1.0
stage1,63,validation,30.0,10182,0.24292622524049884,0.025942928639494465,0.10679344568010624,0.9399736568856685,800,8,0.01,0.7,0.7,1,0.01,1.0
stage1,63,validation,45.0,10105,0.24047493207258544,0.030584824569804325,0.12718508455830457,0.9246722666606125,800,8,0.01,0.7,0.7,1,0.01,1.0
stage1,63,validation,60.0,10084,0.24538690556167989,0.03650228271286255,0.14875399577377785,0.9082777186137798,800,8,0.01,0.7,0.7,1,0.01,1.0
stage1,63,validation,90.0,9989,0.23830317805463633,0.04428558164108638,0.18583714242758828,0.8849107844162739,800,8,0.01,0.7,0.7,1,0.01,1.0
stage1,63,validation,120.0,9948,0.24625713515464295,0.05092466102326111,0.20679466197510085,0.8714295119012607,800,8,0.01,0.7,0.7,1,0.01,1.0
stage1,64,validation,5.0,10033,0.24673761397355856,0.01726246466148765,0.06996284183625756,0.9704399591069924,1200,3,0.06,0.85,0.85,5,0.1,10.0
stage1,64,validation,10.0,10226,0.24492056776600468,0.021698328431163434,0.08859332896816513,0.949178241663007,1200,3,0.06,0.85,0.85,5,0.1,10.0
stage1,64,validation,15.0,10050,0.24787172644001382,0.022563829870872854,0.09103026873996221,0.9564605776506044,1200,3,0.06,0.85,0.85,5,0.1,10.0
stage1,64,validation,20.0,10014,0.24464012772246985,0.023421625934934187,0.09573910115639195,0.9534388838936318,1200,3,0.06,0.85,0.85,5,0.1,10.0
stage1,64,validation,30.0,10182,0.24292622524049884,0.027530186386916098,0.11332735426017097,0.9399940436900288,1200,3,0.06,0.85,0.85,5,0.1,10.0
stage1,64,validation,45.0,10105,0.24047493207258544,0.031817454269063454,0.13231089824971698,0.9226428471687279,1200,3,0.06,0.85,0.85,5,0.1,10.0
stage1,64,validation,60.0,10084,0.24538690556167989,0.037835262007754326,0.15418614909850656,0.9060753241237649,1200,3,0.06,0.85,0.85,5,0.1,10.0
stage1,64,validation,90.0,9989,0.23830317805463633,0.04556320007348497,0.19119845755073644,0.8820805640109987,1200,3,0.06,0.85,0.85,5,0.1,10.0
stage1,64,validation,120.0,9948,0.24625713515464295,0.05178237110165249,0.210277647667486,0.8699457789853581,1200,3,0.06,0.85,0.85,5,0.1,10.0
stage1,65,validation,5.0,10033,0.24673761397355856,0.01581605221536952,0.06410069369100908,0.9708950579760549,1200,4,0.06,1.0,0.85,10,1.0,5.0
stage1,65,validation,10.0,10226,0.24492056776600468,0.020860876084097136,0.08517404754682532,0.9491829045002208,1200,4,0.06,1.0,0.85,10,1.0,5.0
stage1,65,validation,15.0,10050,0.24787172644001382,0.02161405959736424,0.08719856801657025,0.9560322882754309,1200,4,0.06,1.0,0.85,10,1.0,5.0
stage1,65,validation,20.0,10014,0.24464012772246985,0.022649598534889494,0.09258333351012701,0.9540775585736632,1200,4,0.06,1.0,0.85,10,1.0,5.0
stage1,65,validation,30.0,10182,0.24292622524049884,0.02692403651523195,0.11083215280102815,0.9405371771120373,1200,4,0.06,1.0,0.85,10,1.0,5.0
stage1,65,validation,45.0,10105,0.24047493207258544,0.03176683296779322,0.13210039272702512,0.9228858748731757,1200,4,0.06,1.0,0.85,10,1.0,5.0
stage1,65,validation,60.0,10084,0.24538690556167989,0.03765638909553385,0.1534572067296746,0.9059994717175638,1200,4,0.06,1.0,0.85,10,1.0,5.0
stage1,65,validation,90.0,9989,0.23830317805463633,0.045365931634519595,0.1903706530683298,0.8824443340869841,1200,4,0.06,1.0,0.85,10,1.0,5.0
stage1,65,validation,120.0,9948,0.24625713515464295,0.051964206915361966,0.21101604582027572,0.8713296407617319,1200,4,0.06,1.0,0.85,10,1.0,5.0
stage1,66,validation,5.0,10033,0.24673761397355856,0.017059091368467266,0.06913859258724692,0.9699889914039932,1200,3,0.08,0.85,1.0,1,0.0,1.0
stage1,66,validation,10.0,10226,0.24492056776600468,0.021463690139962414,0.08763531105508732,0.9477058885869741,1200,3,0.08,0.85,1.0,1,0.0,1.0
stage1,66,validation,15.0,10050,0.24787172644001382,0.02238979695256644,0.09032815994842752,0.9541252073721811,1200,3,0.08,0.85,1.0,1,0.0,1.0
stage1,66,validation,20.0,10014,0.24464012772246985,0.023264824374396604,0.09509815332008496,0.9522871610137801,1200,3,0.08,0.85,1.0,1,0.0,1.0
stage1,66,validation,30.0,10182,0.24292622524049884,0.02760400401696667,0.11363122276995204,0.9385606426338575,1200,3,0.08,0.85,1.0,1,0.0,1.0
stage1,66,validation,45.0,10105,0.24047493207258544,0.031760499269634056,0.13207405443843687,0.9215224812616821,1200,3,0.08,0.85,1.0,1,0.0,1.0
stage1,66,validation,60.0,10084,0.24538690556167989,0.037835735197049004,0.15418807743813656,0.9045050455818688,1200,3,0.08,0.85,1.0,1,0.0,1.0
stage1,66,validation,90.0,9989,0.23830317805463633,0.04535279631587187,0.1903155328691157,0.8796652584589226,1200,3,0.08,0.85,1.0,1,0.0,1.0
stage1,66,validation,120.0,9948,0.24625713515464295,0.05171537405939038,0.21000558634337438,0.8697015958739895,1200,3,0.08,0.85,1.0,1,0.0,1.0
stage1,67,validation,5.0,10033,0.24673761397355856,0.015347416501287823,0.06220136546725509,0.9710792406800219,800,5,0.08,0.7,1.0,10,1.0,1.0
stage1,67,validation,10.0,10226,0.24492056776600468,0.019803686286554625,0.08085758769543161,0.9504099599027087,800,5,0.08,0.7,1.0,10,1.0,1.0
stage1,67,validation,15.0,10050,0.24787172644001382,0.020507201553394805,0.082733121070013,0.9576711600399784,800,5,0.08,0.7,1.0,10,1.0,1.0
stage1,67,validation,20.0,10014,0.24464012772246985,0.021725996490127242,0.08880798376125006,0.9550637998638323,800,5,0.08,0.7,1.0,10,1.0,1.0
stage1,67,validation,30.0,10182,0.24292622524049884,0.026143749060462143,0.10762011814319195,0.9405725646914063,800,5,0.08,0.7,1.0,10,1.0,1.0
stage1,67,validation,45.0,10105,0.24047493207258544,0.031478181418552874,0.13090005327063128,0.9236649058018507,800,5,0.08,0.7,1.0,10,1.0,1.0
stage1,67,validation,60.0,10084,0.24538690556167989,0.03763567792799723,0.15337280464029165,0.9053806227279263,800,5,0.08,0.7,1.0,10,1.0,1.0
stage1,67,validation,90.0,9989,0.23830317805463633,0.04544071418788566,0.1906844657248648,0.8808482796465276,800,5,0.08,0.7,1.0,10,1.0,1.0
stage1,67,validation,120.0,9948,0.24625713515464295,0.05173302761784168,0.21007727384367852,0.8717928961374691,800,5,0.08,0.7,1.0,10,1.0,1.0
stage1,68,validation,5.0,10033,0.24673761397355856,0.023940037870601952,0.09702630046980784,0.9671404247271177,300,6,0.01,0.85,0.7,10,0.0,10.0
stage1,68,validation,10.0,10226,0.24492056776600468,0.02710619904795485,0.11067342892105295,0.9478393229599225,300,6,0.01,0.85,0.7,10,0.0,10.0
stage1,68,validation,15.0,10050,0.24787172644001382,0.027553946100437026,0.1111621179880926,0.955902054859158,300,6,0.01,0.85,0.7,10,0.0,10.0
stage1,68,validation,20.0,10014,0.24464012772246985,0.02904470438942568,0.11872420383288561,0.9512294595759219,300,6,0.01,0.85,0.7,10,0.0,10.0
stage1,68,validation,30.0,10182,0.24292622524049884,0.03307915060581371,0.13616953284094832,0.9378010887131276,300,6,0.01,0.85,0.7,10,0.0,10.0
stage1,68,validation,45.0,10105,0.24047493207258544,0.036829929814900096,0.1531549650413594,0.9208680376067371,300,6,0.01,0.85,0.7,10,0.0,10.0
stage1,68,validation,60.0,10084,0.24538690556167989,0.042410589803831514,0.17283151155419452,0.9039744337473357,300,6,0.01,0.85,0.7,10,0.0,10.0
stage1,68,validation,90.0,9989,0.23830317805463633,0.04949166180430902,0.20768359955720755,0.8820267198173243,300,6,0.01,0.85,0.7,10,0.0,10.0
stage1,68,validation,120.0,9948,0.24625713515464295,0.055739099709388826,0.22634511554106299,0.8648666848232947,300,6,0.01,0.85,0.7,10,0.0,10.0
stage1,69,validation,5.0,10033,0.24673761397355856,0.015278336197086196,0.061921390707472296,0.9711227671586986,300,6,0.06,1.0,1.0,3,1.0,10.0
stage1,69,validation,10.0,10226,0.24492056776600468,0.019721684237278006,0.08052277690340796,0.9495535712532472,300,6,0.06,1.0,1.0,3,1.0,10.0
stage1,69,validation,15.0,10050,0.24787172644001382,0.02059947745399098,0.08310539386579113,0.9565479599770136,300,6,0.06,1.0,1.0,3,1.0,10.0
stage1,69,validation,20.0,10014,0.24464012772246985,0.022050053690772585,0.09013261191470233,0.9536238016459758,300,6,0.06,1.0,1.0,3,1.0,10.0
stage1,69,validation,30.0,10182,0.24292622524049884,0.025994964473032584,0.10700764994515256,0.9401899252785119,300,6,0.06,1.0,1.0,3,1.0,10.0
stage1,69,validation,45.0,10105,0.24047493207258544,0.03059522587375587,0.12722833773177217,0.9246552724615635,300,6,0.06,1.0,1.0,3,1.0,10.0
stage1,69,validation,60.0,10084,0.24538690556167989,0.0367400820905289,0.14972307510228575,0.9077733356874614,300,6,0.06,1.0,1.0,3,1.0,10.0
stage1,69,validation,90.0,9989,0.23830317805463633,0.044390298158012216,0.18627656802728307,0.8846148581381587,300,6,0.06,1.0,1.0,3,1.0,10.0
stage1,69,validation,120.0,9948,0.24625713515464295,0.05102478634737893,0.20720125049508398,0.8719274921383049,300,6,0.06,1.0,1.0,3,1.0,10.0
stage1,70,validation,5.0,10033,0.24673761397355856,0.015721808047651224,0.06371873260205896,0.9708829439769358,500,8,0.01,0.7,0.7,1,0.01,1.0
stage1,70,validation,10.0,10226,0.24492056776600468,0.019797374785167726,0.08083181811044139,0.9499193205510483,500,8,0.01,0.7,0.7,1,0.01,1.0
stage1,70,validation,15.0,10050,0.24787172644001382,0.020446761910879137,0.08248928671510808,0.9581427005276465,500,8,0.01,0.7,0.7,1,0.01,1.0
stage1,70,validation,20.0,10014,0.24464012772246985,0.022246106589080092,0.09093400496551825,0.9536140162968113,500,8,0.01,0.7,0.7,1,0.01,1.0
stage1,70,validation,30.0,10182,0.24292622524049884,0.02669288593944828,0.10988062698056629,0.9397763398032851,500,8,0.01,0.7,0.7,1,0.01,1.0
stage1,70,validation,45.0,10105,0.24047493207258544,0.031131970613031214,0.12946035723854277,0.9242064703669335,500,8,0.01,0.7,0.7,1,0.01,1.0
stage1,70,validation,60.0,10084,0.24538690556167989,0.036979124375659804,0.1506972195236588,0.9078410750817967,500,8,0.01,0.7,0.7,1,0.01,1.0
stage1,70,validation,90.0,9989,0.23830317805463633,0.044822893667857695,0.18809188376657338,0.884507323161023,500,8,0.01,0.7,0.7,1,0.01,1.0
stage1,70,validation,120.0,9948,0.24625713515464295,0.05147289321260722,0.20902092108025055,0.8701375360465501,500,8,0.01,0.7,0.7,1,0.01,1.0
stage1,71,validation,5.0,10033,0.24673761397355856,0.01544358456758697,0.06259112390234092,0.9701731437545228,800,6,0.06,0.7,1.0,5,0.0,5.0
stage1,71,validation,10.0,10226,0.24492056776600468,0.019958506283941833,0.08148971099483178,0.9482691379176077,800,6,0.06,0.7,1.0,5,0.0,5.0
stage1,71,validation,15.0,10050,0.24787172644001382,0.02041863455014644,0.08237581124480468,0.9570394514854862,800,6,0.06,0.7,1.0,5,0.0,5.0
stage1,71,validation,20.0,10014,0.24464012772246985,0.021984019740989076,0.08986268910850423,0.9535107232337858,800,6,0.06,0.7,1.0,5,0.0,5.0
stage1,71,validation,30.0,10182,0.24292622524049884,0.026098535960607825,0.1074339994982842,0.9392046528928528,800,6,0.06,0.7,1.0,5,0.0,5.0
stage1,71,validation,45.0,10105,0.24047493207258544,0.03091839266504145,0.1285722066685478,0.9240896009399847,800,6,0.06,0.7,1.0,5,0.0,5.0
stage1,71,validation,60.0,10084,0.24538690556167989,0.03678540163408366,0.14990776117365956,0.9084358260011105,800,6,0.06,0.7,1.0,5,0.0,5.0
stage1,71,validation,90.0,9989,0.23830317805463633,0.04485192078990882,0.1882136912988442,0.8833641189206615,800,6,0.06,0.7,1.0,5,0.0,5.0
stage1,71,validation,120.0,9948,0.24625713515464295,0.05172268873136625,0.21003528973438992,0.8706403451424469,800,6,0.06,0.7,1.0,5,0.0,5.0
stage1,72,validation,5.0,10033,0.24673761397355856,0.01896133074208714,0.07684815637440312,0.9696332595130179,300,3,0.08,0.85,0.7,3,0.1,5.0
stage1,72,validation,10.0,10226,0.24492056776600468,0.022958518213793418,0.0937386289081602,0.94928879362946,300,3,0.08,0.85,0.7,3,0.1,5.0
stage1,72,validation,15.0,10050,0.24787172644001382,0.02345450969972481,0.09462357823775806,0.957294545160037,300,3,0.08,0.85,0.7,3,0.1,5.0
stage1,72,validation,20.0,10014,0.24464012772246985,0.024637914557482092,0.10071084734484928,0.952708389341149,300,3,0.08,0.85,0.7,3,0.1,5.0
stage1,72,validation,30.0,10182,0.24292622524049884,0.028321872179237016,0.11658630990210359,0.939745646690332,300,3,0.08,0.85,0.7,3,0.1,5.0
stage1,72,validation,45.0,10105,0.24047493207258544,0.03216602201066548,0.13376039545342888,0.9216968158960128,300,3,0.08,0.85,0.7,3,0.1,5.0
stage1,72,validation,60.0,10084,0.24538690556167989,0.037859350106272796,0.15428431284715213,0.9055246536370856,300,3,0.08,0.85,0.7,3,0.1,5.0
stage1,72,validation,90.0,9989,0.23830317805463633,0.04460037671188162,0.18715812804500656,0.8823768014037423,300,3,0.08,0.85,0.7,3,0.1,5.0
stage1,72,validation,120.0,9948,0.24625713515464295,0.050473254763480635,0.2049615932215924,0.8677015837445183,300,3,0.08,0.85,0.7,3,0.1,5.0
stage1,73,validation,5.0,10033,0.24673761397355856,0.015701964729840652,0.06363830985057406,0.9701344737109394,300,6,0.06,0.7,1.0,1,0.1,1.0
stage1,73,validation,10.0,10226,0.24492056776600468,0.019830606254521863,0.0809675007509695,0.9499180453459296,300,6,0.06,0.7,1.0,1,0.1,1.0
stage1,73,validation,15.0,10050,0.24787172644001382,0.020413041082232627,0.0823532452668525,0.9580920384017597,300,6,0.06,0.7,1.0,1,0.1,1.0
stage1,73,validation,20.0,10014,0.24464012772246985,0.02200241852912933,0.08993789667282143,0.9541373859266308,300,6,0.06,0.7,1.0,1,0.1,1.0
stage1,73,validation,30.0,10182,0.24292622524049884,0.026066566611834787,0.10730239843816239,0.940446204303368,300,6,0.06,0.7,1.0,1,0.1,1.0
stage1,73,validation,45.0,10105,0.24047493207258544,0.030786506215802274,0.12802376509876554,0.9248099466625184,300,6,0.06,0.7,1.0,1,0.1,1.0
stage1,73,validation,60.0,10084,0.24538690556167989,0.037010177318654316,0.15082376638614697,0.9061305127451501,300,6,0.06,0.7,1.0,1,0.1,1.0
stage1,73,validation,90.0,9989,0.23830317805463633,0.04479287537577039,0.18796591695265022,0.8829070584916792,300,6,0.06,0.7,1.0,1,0.1,1.0
stage1,73,validation,120.0,9948,0.24625713515464295,0.05110257794186597,0.20751714629415674,0.8720180055120568,300,6,0.06,0.7,1.0,1,0.1,1.0
stage1,74,validation,5.0,10033,0.24673761397355856,0.015609452369061612,0.06326336758178422,0.9697853419656548,800,6,0.08,0.85,1.0,10,0.01,5.0
stage1,74,validation,10.0,10226,0.24492056776600468,0.02007915999559388,0.08198233483917677,0.9477213921260308,800,6,0.08,0.85,1.0,10,0.01,5.0
stage1,74,validation,15.0,10050,0.24787172644001382,0.02059148176999206,0.08307313651997054,0.9563353083113512,800,6,0.08,0.85,1.0,10,0.01,5.0
stage1,74,validation,20.0,10014,0.24464012772246985,0.02210666391751997,0.09036401396339487,0.9539177316217236,800,6,0.08,0.85,1.0,10,0.01,5.0
stage1,74,validation,30.0,10182,0.24292622524049884,0.02654100702932047,0.10925542107709725,0.9388712316103918,800,6,0.08,0.85,1.0,10,0.01,5.0
stage1,74,validation,45.0,10105,0.24047493207258544,0.031149452174467594,0.129533053220971,0.9243733407426615,800,6,0.08,0.85,1.0,10,0.01,5.0
stage1,74,validation,60.0,10084,0.24538690556167989,0.03707486190858354,0.15108736883787993,0.9069939530719004,800,6,0.08,0.85,1.0,10,0.01,5.0
stage1,74,validation,90.0,9989,0.23830317805463633,0.044877706797578555,0.1883218980289442,0.882381644472807,800,6,0.08,0.85,1.0,10,0.01,5.0
stage1,74,validation,120.0,9948,0.24625713515464295,0.05210132779272351,0.2115728657364801,0.8704845721823917,800,6,0.08,0.85,1.0,10,0.01,5.0
stage1,75,validation,5.0,10033,0.24673761397355856,0.016841164966607758,0.0682553612130355,0.9709717864089743,500,5,0.02,0.85,0.7,3,0.01,5.0
stage1,75,validation,10.0,10226,0.24492056776600468,0.02079391439191435,0.08490064587707759,0.9501162500661574,500,5,0.02,0.85,0.7,3,0.01,5.0
stage1,75,validation,15.0,10050,0.24787172644001382,0.021449611147069798,0.08653512627330939,0.9583501206517514,500,5,0.02,0.85,0.7,3,0.01,5.0
stage1,75,validation,20.0,10014,0.24464012772246985,0.02272466742055875,0.09289018785314966,0.9538140627274961,500,5,0.02,0.85,0.7,3,0.01,5.0
stage1,75,validation,30.0,10182,0.24292622524049884,0.02687027080568965,0.11061082754275654,0.9407269352376986,500,5,0.02,0.85,0.7,3,0.01,5.0
stage1,75,validation,45.0,10105,0.24047493207258544,0.031386885103774714,0.13052040324228403,0.9226985862909115,500,5,0.02,0.85,0.7,3,0.01,5.0
stage1,75,validation,60.0,10084,0.24538690556167989,0.03750774270248324,0.1528514433833772,0.9060289123478759,500,5,0.02,0.85,0.7,3,0.01,5.0
stage1,75,validation,90.0,9989,0.23830317805463633,0.04501415309622389,0.18889447242664717,0.8837528305809552,500,5,0.02,0.85,0.7,3,0.01,5.0
stage1,75,validation,120.0,9948,0.24625713515464295,0.05082114349575094,0.20637429840900492,0.8704532873309043,500,5,0.02,0.85,0.7,3,0.01,5.0
stage1,76,validation,5.0,10033,0.24673761397355856,0.015895452598816695,0.06442249457968788,0.9696833992673106,1200,5,0.08,0.7,1.0,3,0.01,10.0
stage1,76,validation,10.0,10226,0.24492056776600468,0.020255580329119914,0.08270265136928781,0.9480313832218972,1200,5,0.08,0.7,1.0,3,0.01,10.0
stage1,76,validation,15.0,10050,0.24787172644001382,0.021408695156751898,0.08637005706228826,0.9541513361433654,1200,5,0.08,0.7,1.0,3,0.01,10.0
stage1,76,validation,20.0,10014,0.24464012772246985,0.022247762479484456,0.09094077364414747,0.9538016921958647,1200,5,0.08,0.7,1.0,3,0.01,10.0
stage1,76,validation,30.0,10182,0.24292622524049884,0.026434729449377418,0.10881793195941208,0.9391176157318454,1200,5,0.08,0.7,1.0,3,0.01,10.0
stage1,76,validation,45.0,10105,0.24047493207258544,0.03152245675796421,0.1310841695069048,0.9226388176370106,1200,5,0.08,0.7,1.0,3,0.01,10.0
stage1,76,validation,60.0,10084,0.24538690556167989,0.03747302619881691,0.15270996678915197,0.9051018802925068,1200,5,0.08,0.7,1.0,3,0.01,10.0
stage1,76,validation,90.0,9989,0.23830317805463633,0.0454366420854779,0.19066737781843823,0.8803151744070941,1200,5,0.08,0.7,1.0,3,0.01,10.0
stage1,76,validation,120.0,9948,0.24625713515464295,0.05208356783736389,0.21150074618003167,0.8705189794128894,1200,5,0.08,0.7,1.0,3,0.01,10.0
stage1,77,validation,5.0,10033,0.24673761397355856,0.015800712465827232,0.0640385233988706,0.9714959362727342,500,6,0.02,0.7,0.7,5,0.1,10.0
stage1,77,validation,10.0,10226,0.24492056776600468,0.019948910795031846,0.08145053303196198,0.9503910436109284,500,6,0.02,0.7,0.7,5,0.1,10.0
stage1,77,validation,15.0,10050,0.24787172644001382,0.02057543890174753,0.08300841405857916,0.9584418830609673,500,6,0.02,0.7,0.7,5,0.1,10.0
stage1,77,validation,20.0,10014,0.24464012772246985,0.021971423393123864,0.08981119981284992,0.9542611953733457,500,6,0.02,0.7,0.7,5,0.1,10.0
stage1,77,validation,30.0,10182,0.24292622524049884,0.02633669122292939,0.10841435994345963,0.9408487061636708,500,6,0.02,0.7,0.7,5,0.1,10.0
stage1,77,validation,45.0,10105,0.24047493207258544,0.030978808528128888,0.1288234422654008,0.923874301109034,500,6,0.02,0.7,0.7,5,0.1,10.0
stage1,77,validation,60.0,10084,0.24538690556167989,0.03694799610439674,0.15057036568363089,0.9079970021485925,500,6,0.02,0.7,0.7,5,0.1,10.0
stage1,77,validation,90.0,9989,0.23830317805463633,0.04462367687993238,0.1872559033589615,0.8850695509673074,500,6,0.02,0.7,0.7,5,0.1,10.0
stage1,77,validation,120.0,9948,0.24625713515464295,0.05066522381161792,0.2057411403726495,0.8718229788945346,500,6,0.02,0.7,0.7,5,0.1,10.0
stage1,78,validation,5.0,10033,0.24673761397355856,0.015432373097660615,0.06254568506654365,0.9698345062476234,800,8,0.06,0.85,0.85,3,0.1,5.0
stage1,78,validation,10.0,10226,0.24492056776600468,0.01982658131813305,0.0809510671111755,0.9478312510875829,800,8,0.06,0.85,0.85,3,0.1,5.0
stage1,78,validation,15.0,10050,0.24787172644001382,0.020814083096220615,0.08397118701336728,0.9544713290268231,800,8,0.06,0.85,0.85,3,0.1,5.0
stage1,78,validation,20.0,10014,0.24464012772246985,0.021689695072403946,0.08865959674861541,0.9543259283543968,800,8,0.06,0.85,0.85,3,0.1,5.0
stage1,78,validation,30.0,10182,0.24292622524049884,0.0266684869594222,0.10978018916245125,0.9372096804330127,800,8,0.06,0.85,0.85,3,0.1,5.0
stage1,78,validation,45.0,10105,0.24047493207258544,0.03111431870956801,0.1293869528994249,0.9231959307555432,800,8,0.06,0.85,0.85,3,0.1,5.0
stage1,78,validation,60.0,10084,0.24538690556167989,0.03669271526089817,0.1495300459366817,0.9067729320686652,800,8,0.06,0.85,0.85,3,0.1,5.0
stage1,78,validation,90.0,9989,0.23830317805463633,0.04462966666070607,0.18728103848650193,0.8830700112955366,800,8,0.06,0.85,0.85,3,0.1,5.0
stage1,78,validation,120.0,9948,0.24625713515464295,0.05223903221655003,0.2121320553158604,0.8665993941140884,800,8,0.06,0.85,0.85,3,0.1,5.0
stage1,79,validation,5.0,10033,0.24673761397355856,0.015310665143651047,0.06205241631821811,0.9710781473272287,1200,5,0.06,1.0,0.7,3,1.0,5.0
stage1,79,validation,10.0,10226,0.24492056776600468,0.02012822199384557,0.08218265283900504,0.9493547853527778,1200,5,0.06,1.0,0.7,3,1.0,5.0
stage1,79,validation,15.0,10050,0.24787172644001382,0.020909244295687378,0.08435510009951666,0.9568928928313045,1200,5,0.06,1.0,0.7,3,1.0,5.0
stage1,79,validation,20.0,10014,0.24464012772246985,0.022362477956507733,0.09140968885479278,0.9537949946754077,1200,5,0.06,1.0,0.7,3,1.0,5.0
stage1,79,validation,30.0,10182,0.24292622524049884,0.02663589420217456,0.10964602185624388,0.9393820930730001,1200,5,0.06,1.0,0.7,3,1.0,5.0
stage1,79,validation,45.0,10105,0.24047493207258544,0.03117912548523241,0.1296564478322474,0.9237837997238574,1200,5,0.06,1.0,0.7,3,1.0,5.0
stage1,79,validation,60.0,10084,0.24538690556167989,0.03722161258382584,0.15168540676050826,0.9072987801697621,1200,5,0.06,1.0,0.7,3,1.0,5.0
stage1,79,validation,90.0,9989,0.23830317805463633,0.04509688638646689,0.1892416490397263,0.8832417145049679,1200,5,0.06,1.0,0.7,3,1.0,5.0
stage1,79,validation,120.0,9948,0.24625713515464295,0.051594675481340974,0.2095154540352339,0.8719530385339327,1200,5,0.06,1.0,0.7,3,1.0,5.0
stage1,80,validation,5.0,10033,0.24673761397355856,0.014589121910951302,0.059128082159839376,0.9711174442835377,500,8,0.04,0.85,1.0,1,0.01,10.0
stage1,80,validation,10.0,10226,0.24492056776600468,0.019064401512958993,0.07783912019660587,0.9492683973549638,500,8,0.04,0.85,1.0,1,0.01,10.0
stage1,80,validation,15.0,10050,0.24787172644001382,0.020257604997501732,0.08172616251335213,0.9557304480207353,500,8,0.04,0.85,1.0,1,0.01,10.0
stage1,80,validation,20.0,10014,0.24464012772246985,0.021338346178722344,0.08722341006512828,0.9538959055046725,500,8,0.04,0.85,1.0,1,0.01,10.0
stage1,80,validation,30.0,10182,0.24292622524049884,0.025741957049235622,0.10596615093224655,0.939591503943309,500,8,0.04,0.85,1.0,1,0.01,10.0
stage1,80,validation,45.0,10105,0.24047493207258544,0.03070535696540776,0.12768631100450667,0.9240994520680695,500,8,0.04,0.85,1.0,1,0.01,10.0
stage1,80,validation,60.0,10084,0.24538690556167989,0.036601032278156975,0.1491564197135084,0.9075124460579292,500,8,0.04,0.85,1.0,1,0.01,10.0
stage1,80,validation,90.0,9989,0.23830317805463633,0.04459153522276784,0.18712102619355012,0.8831807423816211,500,8,0.04,0.85,1.0,1,0.01,10.0
stage1,80,validation,120.0,9948,0.24625713515464295,0.05178136801247992,0.21027357432694324,0.8690565330802714,500,8,0.04,0.85,1.0,1,0.01,10.0
stage2,1,validation,5.0,10033,0.24673761397355856,0.014934465543976793,0.06052772134522316,0.971897312116229,500,8,0.015,0.6,1.0,7,0.001,3.0
stage2,1,validation,10.0,10226,0.24492056776600468,0.019056911946387787,0.0778085406228301,0.9513423502577478,500,8,0.015,0.6,1.0,7,0.001,3.0
stage2,1,validation,15.0,10050,0.24787172644001382,0.019715231064549966,0.07953803908055301,0.9594191557425379,500,8,0.015,0.6,1.0,7,0.001,3.0
stage2,1,validation,20.0,10014,0.24464012772246985,0.02127443057184932,0.08696214627546277,0.9552115735247374,500,8,0.015,0.6,1.0,7,0.001,3.0
stage2,1,validation,30.0,10182,0.24292622524049884,0.02563623856164731,0.10553096330487677,0.9419580338387405,500,8,0.015,0.6,1.0,7,0.001,3.0
stage2,1,validation,45.0,10105,0.24047493207258544,0.03037320618187921,0.1263050826965669,0.9260190563564176,500,8,0.015,0.6,1.0,7,0.001,3.0
stage2,1,validation,60.0,10084,0.24538690556167989,0.0362983489306485,0.14792292542082947,0.9095015736242483,500,8,0.015,0.6,1.0,7,0.001,3.0
stage2,1,validation,90.0,9989,0.23830317805463633,0.04399229548569948,0.1846064154277173,0.8858031904770468,500,8,0.015,0.6,1.0,7,0.001,3.0
stage2,1,validation,120.0,9948,0.24625713515464295,0.05070743240035009,0.20591254084275432,0.8720306694081597,500,8,0.015,0.6,1.0,7,0.001,3.0
stage2,2,validation,5.0,10033,0.24673761397355856,0.014319734931270093,0.058036286809536285,0.9707101702783273,300,9,0.03,0.9,0.8,2,1.0,2.0
stage2,2,validation,10.0,10226,0.24492056776600468,0.0188146305357584,0.0768193161863554,0.9487211114241786,300,9,0.03,0.9,0.8,2,1.0,2.0
stage2,2,validation,15.0,10050,0.24787172644001382,0.019781174772827245,0.0798040787343061,0.9567781425456174,300,9,0.03,0.9,0.8,2,1.0,2.0
stage2,2,validation,20.0,10014,0.24464012772246985,0.021288077201907573,0.08701792874330769,0.9531315765606784,300,9,0.03,0.9,0.8,2,1.0,2.0
stage2,2,validation,30.0,10182,0.24292622524049884,0.025833893199777858,0.1063446038985791,0.9392803754733267,300,9,0.03,0.9,0.8,2,1.0,2.0
stage2,2,validation,45.0,10105,0.24047493207258544,0.03045414665883467,0.12664166861950638,0.9241903171108532,300,9,0.03,0.9,0.8,2,1.0,2.0
stage2,2,validation,60.0,10084,0.24538690556167989,0.03617178947195453,0.147407170684837,0.908394575734743,300,9,0.03,0.9,0.8,2,1.0,2.0
stage2,2,validation,90.0,9989,0.23830317805463633,0.04401576019114654,0.18470488119573017,0.8852059711490383,300,9,0.03,0.9,0.8,2,1.0,2.0
stage2,2,validation,120.0,9948,0.24625713515464295,0.05107054588365664,0.2073870706389307,0.8710405007902253,300,9,0.03,0.9,0.8,2,1.0,2.0
stage2,3,validation,5.0,10033,0.24673761397355856,0.014309558780696365,0.057995044007476855,0.9719584713858499,500,9,0.015,0.75,0.9,7,0.01,15.0
stage2,3,validation,10.0,10226,0.24492056776600468,0.01863487461891804,0.07608538061499867,0.9514066690430274,500,9,0.015,0.75,0.9,7,0.01,15.0
stage2,3,validation,15.0,10050,0.24787172644001382,0.019386993886667175,0.07821381714287177,0.9593664333583674,500,9,0.015,0.75,0.9,7,0.01,15.0
stage2,3,validation,20.0,10014,0.24464012772246985,0.02114833348963495,0.08644670719607585,0.9552734619667279,500,9,0.015,0.75,0.9,7,0.01,15.0
stage2,3,validation,30.0,10182,0.24292622524049884,0.025558637440014707,0.10521152014242785,0.941533940698886,500,9,0.015,0.75,0.9,7,0.01,15.0
stage2,3,validation,45.0,10105,0.24047493207258544,0.030313498191382342,0.12605679074371234,0.9263193205578273,500,9,0.015,0.75,0.9,7,0.01,15.0
stage2,3,validation,60.0,10084,0.24538690556167989,0.0361277420074694,0.14722766858636804,0.909778369393033,500,9,0.015,0.75,0.9,7,0.01,15.0
stage2,3,validation,90.0,9989,0.23830317805463633,0.043775945313769375,0.18369853759874222,0.8866790642277914,500,9,0.015,0.75,0.9,7,0.01,15.0
stage2,3,validation,120.0,9948,0.24625713515464295,0.050449578840530696,0.2048654501273626,0.8727731338194147,500,9,0.015,0.75,0.9,7,0.01,15.0
stage2,4,validation,5.0,10033,0.24673761397355856,0.014809515304113747,0.0600213119743502,0.9708973959118448,1000,8,0.0125,0.6,0.8,1,0.05,1.0
stage2,4,validation,10.0,10226,0.24492056776600468,0.019119195660702804,0.0780628423128969,0.9493964528385128,1000,8,0.0125,0.6,0.8,1,0.05,1.0
stage2,4,validation,15.0,10050,0.24787172644001382,0.019935898341471497,0.08042828695226796,0.9567488395091779,1000,8,0.0125,0.6,0.8,1,0.05,1.0
stage2,4,validation,20.0,10014,0.24464012772246985,0.02141107194232358,0.08752068657605186,0.9537811411554616,1000,8,0.0125,0.6,0.8,1,0.05,1.0
stage2,4,validation,30.0,10182,0.24292622524049884,0.025937277106079005,0.10677018127787932,0.939176358198893,1000,8,0.0125,0.6,0.8,1,0.05,1.0
stage2,4,validation,45.0,10105,0.24047493207258544,0.030491675721933512,0.12679773088668486,0.9245510922764337,1000,8,0.0125,0.6,0.8,1,0.05,1.0
stage2,4,validation,60.0,10084,0.24538690556167989,0.036320845494334814,0.14801460335138092,0.909024243771392,1000,8,0.0125,0.6,0.8,1,0.05,1.0
stage2,4,validation,90.0,9989,0.23830317805463633,0.044233519712282905,0.18561867312630376,0.8841886892803792,1000,8,0.0125,0.6,0.8,1,0.05,1.0
stage2,4,validation,120.0,9948,0.24625713515464295,0.051143854094399796,0.20768476033103694,0.8712494112293737,1000,8,0.0125,0.6,0.8,1,0.05,1.0
stage2,5,validation,5.0,10033,0.24673761397355856,0.01650981465727812,0.06691243540616948,0.9713685553409062,300,7,0.015,0.85,0.9,10,0.001,8.0
stage2,5,validation,10.0,10226,0.24492056776600468,0.02038298332334469,0.08322283224011813,0.951337026082229,300,7,0.015,0.85,0.9,10,0.001,8.0
stage2,5,validation,15.0,10050,0.24787172644001382,0.020910775245095825,0.08436127647723604,0.9600008883052072,300,7,0.015,0.85,0.9,10,0.001,8.0
stage2,5,validation,20.0,10014,0.24464012772246985,0.022629734639740263,0.09250213712041712,0.9547796890902985,300,7,0.015,0.85,0.9,10,0.001,8.0
stage2,5,validation,30.0,10182,0.24292622524049884,0.027097064284496437,0.11154441747765247,0.9414744034483314,300,7,0.015,0.85,0.9,10,0.001,8.0
stage2,5,validation,45.0,10105,0.24047493207258544,0.03152365723234186,0.13108916160469772,0.9247496558378427,300,7,0.015,0.85,0.9,10,0.001,8.0
stage2,5,validation,60.0,10084,0.24538690556167989,0.037454261423268645,0.15263349663070847,0.907938862156244,300,7,0.015,0.85,0.9,10,0.001,8.0
stage2,5,validation,90.0,9989,0.23830317805463633,0.04513174421681964,0.1893879241781332,0.8857259447856568,300,7,0.015,0.85,0.9,10,0.001,8.0
stage2,5,validation,120.0,9948,0.24625713515464295,0.05141905252369006,0.2088022850237426,0.8705765267560552,300,7,0.015,0.85,0.9,10,0.001,8.0
stage2,6,validation,5.0,10033,0.24673761397355856,0.014572058556466467,0.059058926289317484,0.9711382849679658,300,8,0.025,1.0,1.0,3,0.001,8.0
stage2,6,validation,10.0,10226,0.24492056776600468,0.019064046905348558,0.07783767234919285,0.9494181144773807,300,8,0.025,1.0,1.0,3,0.001,8.0
stage2,6,validation,15.0,10050,0.24787172644001382,0.020014565196140404,0.0807456561649601,0.956921688851904,300,8,0.025,1.0,1.0,3,0.001,8.0
stage2,6,validation,20.0,10014,0.24464012772246985,0.02133801917231003,0.08722207338166854,0.9539130454832452,300,8,0.025,1.0,1.0,3,0.001,8.0
stage2,6,validation,30.0,10182,0.24292622524049884,0.025962610196724276,0.106874464340032,0.9402293438620618,300,8,0.025,1.0,1.0,3,0.001,8.0
stage2,6,validation,45.0,10105,0.24047493207258544,0.030563830121641843,0.12709778045562103,0.9243583729652105,300,8,0.025,1.0,1.0,3,0.001,8.0
stage2,6,validation,60.0,10084,0.24538690556167989,0.03640587525468134,0.14836111638210642,0.9078956430096924,300,8,0.025,1.0,1.0,3,0.001,8.0
stage2,6,validation,90.0,9989,0.23830317805463633,0.044120758728314516,0.1851454902468772,0.8838613266163848,300,8,0.025,1.0,1.0,3,0.001,8.0
stage2,6,validation,120.0,9948,0.24625713515464295,0.05039904526877768,0.20466024359914856,0.8720228969383218,300,8,0.025,1.0,1.0,3,0.001,8.0
stage2,7,validation,5.0,10033,0.24673761397355856,0.01497028820740313,0.06067290660031838,0.9708143486028158,800,7,0.025,1.0,1.0,5,0.001,3.0
stage2,7,validation,10.0,10226,0.24492056776600468,0.019353487178522543,0.07901944436537776,0.9489381859056192,800,7,0.025,1.0,1.0,5,0.001,3.0
stage2,7,validation,15.0,10050,0.24787172644001382,0.02019536978991921,0.0814750842299337,0.9567318263929524,800,7,0.025,1.0,1.0,5,0.001,3.0
stage2,7,validation,20.0,10014,0.24464012772246985,0.02147083448360534,0.08776497414178416,0.9541090798593262,800,7,0.025,1.0,1.0,5,0.001,3.0
stage2,7,validation,30.0,10182,0.24292622524049884,0.02592560558005069,0.106722135719946,0.9394584927287016,800,7,0.025,1.0,1.0,5,0.001,3.0
stage2,7,validation,45.0,10105,0.24047493207258544,0.030768326814823097,0.12794816719414198,0.9239379958530978,800,7,0.025,1.0,1.0,5,0.001,3.0
stage2,7,validation,60.0,10084,0.24538690556167989,0.03684490039086064,0.15015023033329458,0.9064963124826103,800,7,0.025,1.0,1.0,5,0.001,3.0
stage2,7,validation,90.0,9989,0.23830317805463633,0.044811223986006295,0.1880429138705499,0.8821217758146974,800,7,0.025,1.0,1.0,5,0.001,3.0
stage2,7,validation,120.0,9948,0.24625713515464295,0.05140425973989326,0.2087422145458354,0.8694823084197212,800,7,0.025,1.0,1.0,5,0.001,3.0
stage2,8,validation,5.0,10033,0.24673761397355856,0.015279359790603159,0.06192553921770744,0.9712867708968446,300,7,0.02,0.95,1.0,7,0.001,10.0
stage2,8,validation,10.0,10226,0.24492056776600468,0.0193481188358761,0.07899752565640444,0.9506590165627735,300,7,0.02,0.95,1.0,7,0.001,10.0
stage2,8,validation,15.0,10050,0.24787172644001382,0.020017927417629967,0.08075922052559877,0.959238862566435,300,7,0.02,0.95,1.0,7,0.001,10.0
stage2,8,validation,20.0,10014,0.24464012772246985,0.02173684533349482,0.08885232989313192,0.9543736650055166,300,7,0.02,0.95,1.0,7,0.001,10.0
stage2,8,validation,30.0,10182,0.24292622524049884,0.026170128016779568,0.10772870648638672,0.9414252184644127,300,7,0.02,0.95,1.0,7,0.001,10.0
stage2,8,validation,45.0,10105,0.24047493207258544,0.030758777077978913,0.1279084552093547,0.9250239166549803,300,7,0.02,0.95,1.0,7,0.001,10.0
stage2,8,validation,60.0,10084,0.24538690556167989,0.03668232267365684,0.1494876940955452,0.908150299338439,300,7,0.02,0.95,1.0,7,0.001,10.0
stage2,8,validation,90.0,9989,0.23830317805463633,0.04439243627751891,0.18628554029330213,0.885276865122053,300,7,0.02,0.95,1.0,7,0.001,10.0
stage2,8,validation,120.0,9948,0.24625713515464295,0.05070847169402201,0.2059167612023848,0.8721469543856926,300,7,0.02,0.95,1.0,7,0.001,10.0
stage2,9,validation,5.0,10033,0.24673761397355856,0.015275817118361557,0.06191118116266853,0.9710269620790826,1000,7,0.0075,0.8,0.8,2,0.05,0.5
stage2,9,validation,10.0,10226,0.24492056776600468,0.01944823256708564,0.07940628565611664,0.9492259391696276,1000,7,0.0075,0.8,0.8,2,0.05,0.5
stage2,9,validation,15.0,10050,0.24787172644001382,0.02019987350874799,0.08149325378437809,0.9575351938297212,1000,7,0.0075,0.8,0.8,2,0.05,0.5
stage2,9,validation,20.0,10014,0.24464012772246985,0.021721545639356896,0.08878979029964675,0.9533025241600044,1000,7,0.0075,0.8,0.8,2,0.05,0.5
stage2,9,validation,30.0,10182,0.24292622524049884,0.02620046135888664,0.10785357296417042,0.9395720570491589,1000,7,0.0075,0.8,0.8,2,0.05,0.5
stage2,9,validation,45.0,10105,0.24047493207258544,0.030777888213627196,0.12798792767446188,0.9238558269251804,1000,7,0.0075,0.8,0.8,2,0.05,0.5
stage2,9,validation,60.0,10084,0.24538690556167989,0.036664638280827326,0.14941562670959796,0.9075697975544033,1000,7,0.0075,0.8,0.8,2,0.05,0.5
stage2,9,validation,90.0,9989,0.23830317805463633,0.044347103130914535,0.18609530721720788,0.8848744392127696,1000,7,0.0075,0.8,0.8,2,0.05,0.5
stage2,9,validation,120.0,9948,0.24625713515464295,0.05077599396603314,0.2061909553773829,0.8716841937052144,1000,7,0.0075,0.8,0.8,2,0.05,0.5
stage2,10,validation,5.0,10033,0.24673761397355856,0.015226985496869915,0.06171327205304702,0.9714372640845861,500,7,0.02,0.6,0.9,3,0.01,5.0
stage2,10,validation,10.0,10226,0.24492056776600468,0.019301746266459138,0.0788081884772531,0.9502112142765897,500,7,0.02,0.6,0.9,3,0.01,5.0
stage2,10,validation,15.0,10050,0.24787172644001382,0.020116054735877686,0.08115509995750109,0.9581702501872467,500,7,0.02,0.6,0.9,3,0.01,5.0
stage2,10,validation,20.0,10014,0.24464012772246985,0.0215824397326826,0.088221175870079,0.9544805355349452,500,7,0.02,0.6,0.9,3,0.01,5.0
stage2,10,validation,30.0,10182,0.24292622524049884,0.02601795331871294,0.10710228297893719,0.9404778600849213,500,7,0.02,0.6,0.9,3,0.01,5.0
stage2,10,validation,45.0,10105,0.24047493207258544,0.03067708307959694,0.12756873581458092,0.9246558182353914,500,7,0.02,0.6,0.9,3,0.01,5.0
stage2,10,validation,60.0,10084,0.24538690556167989,0.036536284708131486,0.14889256060547132,0.9087510157397587,500,7,0.02,0.6,0.9,3,0.01,5.0
stage2,10,validation,90.0,9989,0.23830317805463633,0.044161952318613515,0.185318352357384,0.8852002277614992,500,7,0.02,0.6,0.9,3,0.01,5.0
stage2,10,validation,120.0,9948,0.24625713515464295,0.050693993341462074,0.20585796756560004,0.8722368775677337,500,7,0.02,0.6,0.9,3,0.01,5.0
stage2,11,validation,5.0,10033,0.24673761397355856,0.014618895969935682,0.05924875309648696,0.9707014359837631,300,9,0.05,1.0,0.6,2,1.0,5.0
stage2,11,validation,10.0,10226,0.24492056776600468,0.019115075715557192,0.07804602075649113,0.9483865263125056,300,9,0.05,1.0,0.6,2,1.0,5.0
stage2,11,validation,15.0,10050,0.24787172644001382,0.02037236056257798,0.08218912602566712,0.957143565929168,300,9,0.05,1.0,0.6,2,1.0,5.0
stage2,11,validation,20.0,10014,0.24464012772246985,0.02128890624079565,0.08702131755321306,0.9534885203392199,300,9,0.05,1.0,0.6,2,1.0,5.0
stage2,11,validation,30.0,10182,0.24292622524049884,0.02584723754865803,0.1063995355917998,0.9388295921585547,300,9,0.05,1.0,0.6,2,1.0,5.0
stage2,11,validation,45.0,10105,0.24047493207258544,0.030633504061689753,0.1273875151878337,0.9241960144992576,300,9,0.05,1.0,0.6,2,1.0,5.0
stage2,11,validation,60.0,10084,0.24538690556167989,0.03622429564634224,0.14762114369316656,0.9085735320646459,300,9,0.05,1.0,0.6,2,1.0,5.0
stage2,11,validation,90.0,9989,0.23830317805463633,0.043962080343559085,0.18447962256499909,0.8850876984569416,300,9,0.05,1.0,0.6,2,1.0,5.0
stage2,11,validation,120.0,9948,0.24625713515464295,0.050722985928708074,0.20597570054916534,0.8728293787617933,300,9,0.05,1.0,0.6,2,1.0,5.0
stage2,12,validation,5.0,10033,0.24673761397355856,0.014924743853899894,0.06048832042081469,0.9714383662795549,500,8,0.015,0.6,0.9,3,0.05,3.0
stage2,12,validation,10.0,10226,0.24492056776600468,0.01897970359166701,0.07749330227667968,0.9508079341380169,500,8,0.015,0.6,0.9,3,0.05,3.0
stage2,12,validation,15.0,10050,0.24787172644001382,0.01981789315371984,0.07995221334174983,0.9585415624220737,500,8,0.015,0.6,0.9,3,0.05,3.0
stage2,12,validation,20.0,10014,0.24464012772246985,0.0214739113078601,0.08777755108197546,0.9544250184227004,500,8,0.015,0.6,0.9,3,0.05,3.0
stage2,12,validation,30.0,10182,0.24292622524049884,0.02592913670424267,0.10673667150828456,0.9402666837769992,500,8,0.015,0.6,0.9,3,0.05,3.0
stage2,12,validation,45.0,10105,0.24047493207258544,0.0306432153393056,0.12742789892984016,0.9245428750514612,500,8,0.015,0.6,0.9,3,0.05,3.0
stage2,12,validation,60.0,10084,0.24538690556167989,0.036545380271467136,0.14892962681858007,0.9081469942048085,500,8,0.015,0.6,0.9,3,0.05,3.0
stage2,12,validation,90.0,9989,0.23830317805463633,0.04411782307027273,0.185133171241878,0.8852578848701655,500,8,0.015,0.6,0.9,3,0.05,3.0
stage2,12,validation,120.0,9948,0.24625713515464295,0.05078317092033485,0.20622009952501222,0.8714929256572396,500,8,0.015,0.6,0.9,3,0.05,3.0
stage2,13,validation,5.0,10033,0.24673761397355856,0.014613484018053676,0.05922681905977951,0.9708701666598729,800,9,0.025,1.0,1.0,7,0.0,5.0
stage2,13,validation,10.0,10226,0.24492056776600468,0.01906904679073373,0.07785808666323263,0.9492156027163876,800,9,0.025,1.0,1.0,7,0.0,5.0
stage2,13,validation,15.0,10050,0.24787172644001382,0.02024538278655805,0.08167685390071115,0.9570486114576895,800,9,0.025,1.0,1.0,7,0.0,5.0
stage2,13,validation,20.0,10014,0.24464012772246985,0.021440735971498873,0.08764194235469888,0.954545806046998,800,9,0.025,1.0,1.0,7,0.0,5.0
stage2,13,validation,30.0,10182,0.24292622524049884,0.026003828819707885,0.10704413981637385,0.9391869034662514,800,9,0.025,1.0,1.0,7,0.0,5.0
stage2,13,validation,45.0,10105,0.24047493207258544,0.030730394241812498,0.12779042695617343,0.9253017002797239,800,9,0.025,1.0,1.0,7,0.0,5.0
stage2,13,validation,60.0,10084,0.24538690556167989,0.03639845283535081,0.14833086856055477,0.90816668061029,800,9,0.025,1.0,1.0,7,0.0,5.0
stage2,13,validation,90.0,9989,0.23830317805463633,0.04433882838346869,0.1860605836037278,0.8842599722614944,800,9,0.025,1.0,1.0,7,0.0,5.0
stage2,13,validation,120.0,9948,0.24625713515464295,0.05232374338225295,0.21247605008234594,0.8645451093677,800,9,0.025,1.0,1.0,7,0.0,5.0
stage2,14,validation,5.0,10033,0.24673761397355856,0.015089747132884516,0.061157060287133996,0.9716406092973562,500,7,0.015,0.9,0.9,7,0.001,3.0
stage2,14,validation,10.0,10226,0.24492056776600468,0.019362078784654808,0.079054523518634,0.9500370583320618,500,7,0.015,0.9,0.9,7,0.001,3.0
stage2,14,validation,15.0,10050,0.24787172644001382,0.020001379362401164,0.08069245996574602,0.9586704096831881,500,7,0.015,0.9,0.9,7,0.001,3.0
stage2,14,validation,20.0,10014,0.24464012772246985,0.021572398109812214,0.088180129362444,0.9543540494321099,500,7,0.015,0.9,0.9,7,0.001,3.0
stage2,14,validation,30.0,10182,0.24292622524049884,0.02601429816123182,0.10708723661052842,0.9409688154136286,500,7,0.015,0.9,0.9,7,0.001,3.0
stage2,14,validation,45.0,10105,0.24047493207258544,0.03067853884796751,0.1275747895365137,0.9247755009332691,500,7,0.015,0.9,0.9,7,0.001,3.0
stage2,14,validation,60.0,10084,0.24538690556167989,0.036628569423823684,0.149268639009007,0.9083483012661662,500,7,0.015,0.9,0.9,7,0.001,3.0
stage2,14,validation,90.0,9989,0.23830317805463633,0.04432328941804575,0.18599537689708714,0.8854520798666098,500,7,0.015,0.9,0.9,7,0.001,3.0
stage2,14,validation,120.0,9948,0.24625713515464295,0.05070137084872731,0.20588792611791004,0.872402211271389,500,7,0.015,0.9,0.9,7,0.001,3.0
stage2,15,validation,5.0,10033,0.24673761397355856,0.014983424541033302,0.06072614669378698,0.9717547682705968,300,7,0.025,0.95,0.9,12,0.05,10.0
stage2,15,validation,10.0,10226,0.24492056776600468,0.019237781623112835,0.07854702362723767,0.9509355188851133,300,7,0.025,0.95,0.9,12,0.05,10.0
stage2,15,validation,15.0,10050,0.24787172644001382,0.019845465900970326,0.08006345131005906,0.9594832255760848,300,7,0.025,0.95,0.9,12,0.05,10.0
stage2,15,validation,20.0,10014,0.24464012772246985,0.02147764452373906,0.08779281111275503,0.955091665643373,300,7,0.025,0.95,0.9,12,0.05,10.0
stage2,15,validation,30.0,10182,0.24292622524049884,0.025861785984908126,0.10645942388189977,0.9420405326182548,300,7,0.025,0.95,0.9,12,0.05,10.0
stage2,15,validation,45.0,10105,0.24047493207258544,0.030525878975465603,0.1269399629823021,0.9256130012083241,300,7,0.025,0.95,0.9,12,0.05,10.0
stage2,15,validation,60.0,10084,0.24538690556167989,0.03659909688303581,0.14914853259697,0.9084693786533126,300,7,0.025,0.95,0.9,12,0.05,10.0
stage2,15,validation,90.0,9989,0.23830317805463633,0.04412229537949696,0.18515193855023174,0.886955556024982,300,7,0.025,0.95,0.9,12,0.05,10.0
stage2,15,validation,120.0,9948,0.24625713515464295,0.050491399096531775,0.2050352736574496,0.87293724371896,300,7,0.025,0.95,0.9,12,0.05,10.0
stage2,16,validation,5.0,10033,0.24673761397355856,0.014600626352984621,0.05917470837887443,0.970820977713755,500,8,0.04,1.0,0.7,2,0.5,2.0
stage2,16,validation,10.0,10226,0.24492056776600468,0.01909728911344425,0.07797339883553454,0.9486359631281737,500,8,0.04,1.0,0.7,2,0.5,2.0
stage2,16,validation,15.0,10050,0.24787172644001382,0.02006021858451462,0.08092983767299208,0.9566543553946414,500,8,0.04,1.0,0.7,2,0.5,2.0
stage2,16,validation,20.0,10014,0.24464012772246985,0.021648399296445357,0.08849079461323786,0.9532736490974265,500,8,0.04,1.0,0.7,2,0.5,2.0
stage2,16,validation,30.0,10182,0.24292622524049884,0.026161771704349704,0.10769430792599419,0.9383725902876097,500,8,0.04,1.0,0.7,2,0.5,2.0
stage2,16,validation,45.0,10105,0.24047493207258544,0.03063130384230781,0.12737836571282196,0.9245186961743573,500,8,0.04,1.0,0.7,2,0.5,2.0
stage2,16,validation,60.0,10084,0.24538690556167989,0.03644359851894583,0.14851484611832905,0.9079544056106204,500,8,0.04,1.0,0.7,2,0.5,2.0
stage2,16,validation,90.0,9989,0.23830317805463633,0.04417173810998297,0.18535941681757853,0.8847421437159882,500,8,0.04,1.0,0.7,2,0.5,2.0
stage2,16,validation,120.0,9948,0.24625713515464295,0.051444449977773,0.20890541890478523,0.8709968407668629,500,8,0.04,1.0,0.7,2,0.5,2.0
stage2,17,validation,5.0,10033,0.24673761397355856,0.01498528142649618,0.06073367244323788,0.9709212449800174,500,7,0.025,0.9,1.0,5,0.001,8.0
stage2,17,validation,10.0,10226,0.24492056776600468,0.019217670958462336,0.07846491266026608,0.9498132164947481,500,7,0.025,0.9,1.0,5,0.001,8.0
stage2,17,validation,15.0,10050,0.24787172644001382,0.020092442471509556,0.08105983994254394,0.9577025644100727,500,7,0.025,0.9,1.0,5,0.001,8.0
stage2,17,validation,20.0,10014,0.24464012772246985,0.02128538190501105,0.08700691134840353,0.9547060213935727,500,7,0.025,0.9,1.0,5,0.001,8.0
stage2,17,validation,30.0,10182,0.24292622524049884,0.02573743701115745,0.10594754430353161,0.940608003179118,500,7,0.025,0.9,1.0,5,0.001,8.0
stage2,17,validation,45.0,10105,0.24047493207258544,0.030476460593582423,0.12673445972482217,0.9252479877373025,500,7,0.025,0.9,1.0,5,0.001,8.0
stage2,17,validation,60.0,10084,0.24538690556167989,0.036534571826703326,0.14888558027608398,0.9082985396190318,500,7,0.025,0.9,1.0,5,0.001,8.0
stage2,17,validation,90.0,9989,0.23830317805463633,0.044263869410870474,0.18574603063296954,0.8845955736388482,500,7,0.025,0.9,1.0,5,0.001,8.0
stage2,17,validation,120.0,9948,0.24625713515464295,0.05113957168386852,0.20766737033529697,0.8711727071300674,500,7,0.025,0.9,1.0,5,0.001,8.0
stage2,18,validation,5.0,10033,0.24673761397355856,0.014636332287461935,0.05931942054457261,0.9720026295237113,500,8,0.015,0.95,0.9,10,0.05,15.0
stage2,18,validation,10.0,10226,0.24492056776600468,0.018929961871577985,0.07729020900222448,0.9510047110628439,500,8,0.015,0.95,0.9,10,0.05,15.0
stage2,18,validation,15.0,10050,0.24787172644001382,0.01957910491109599,0.07898885924705991,0.9596274739462028,500,8,0.015,0.95,0.9,10,0.05,15.0
stage2,18,validation,20.0,10014,0.24464012772246985,0.021281243330086203,0.08698999435705229,0.9551623719718733,500,8,0.015,0.95,0.9,10,0.05,15.0
stage2,18,validation,30.0,10182,0.24292622524049884,0.025643116606326437,0.1055592766114056,0.9418453889967306,500,8,0.015,0.95,0.9,10,0.05,15.0
stage2,18,validation,45.0,10105,0.24047493207258544,0.030526922180127012,0.12694430108379323,0.9258748129018268,500,8,0.015,0.95,0.9,10,0.05,15.0
stage2,18,validation,60.0,10084,0.24538690556167989,0.036409156412766826,0.14837448774794182,0.9090919518093965,500,8,0.015,0.95,0.9,10,0.05,15.0
stage2,18,validation,90.0,9989,0.23830317805463633,0.04398863795284984,0.18459106719409532,0.8861103973536697,500,8,0.015,0.95,0.9,10,0.05,15.0
stage2,18,validation,120.0,9948,0.24625713515464295,0.05032912483868907,0.2043763109933189,0.87334730233294,500,8,0.015,0.95,0.9,10,0.05,15.0
stage2,19,validation,5.0,10033,0.24673761397355856,0.014654778599609479,0.059394181388087615,0.9706799032144174,300,9,0.02,0.9,1.0,5,0.0,5.0
stage2,19,validation,10.0,10226,0.24492056776600468,0.018937247047493347,0.07731995405786359,0.9497254045352168,300,9,0.02,0.9,1.0,5,0.0,5.0
stage2,19,validation,15.0,10050,0.24787172644001382,0.019666884879054936,0.0793429939005747,0.9576400377747964,300,9,0.02,0.9,1.0,5,0.0,5.0
stage2,19,validation,20.0,10014,0.24464012772246985,0.021377286188871157,0.0873825826853821,0.9535312588289327,300,9,0.02,0.9,1.0,5,0.0,5.0
stage2,19,validation,30.0,10182,0.24292622524049884,0.025845952171381227,0.10639424436696177,0.9397028580722271,300,9,0.02,0.9,1.0,5,0.0,5.0
stage2,19,validation,45.0,10105,0.24047493207258544,0.030648554776008575,0.12745010264420223,0.9240843957308664,300,9,0.02,0.9,1.0,5,0.0,5.0
stage2,19,validation,60.0,10084,0.24538690556167989,0.03642511894784286,0.14843953822420702,0.9076770946277573,300,9,0.02,0.9,1.0,5,0.0,5.0
stage2,19,validation,90.0,9989,0.23830317805463633,0.04406962788408845,0.18493092808852302,0.884501711800588,300,9,0.02,0.9,1.0,5,0.0,5.0
stage2,19,validation,120.0,9948,0.24625713515464295,0.050790344771218895,0.2062492310702953,0.8709921054623119,300,9,0.02,0.9,1.0,5,0.0,5.0
stage2,20,validation,5.0,10033,0.24673761397355856,0.014562574423084675,0.05902048815566994,0.9708758629069418,800,8,0.025,1.0,1.0,5,0.001,8.0
stage2,20,validation,10.0,10226,0.24492056776600468,0.019082049590781632,0.07791117652892461,0.9487654245300293,800,8,0.025,1.0,1.0,5,0.001,8.0
stage2,20,validation,15.0,10050,0.24787172644001382,0.02034410101600073,0.08207511727209477,0.9561710884079362,800,8,0.025,1.0,1.0,5,0.001,8.0
stage2,20,validation,20.0,10014,0.24464012772246985,0.021325720695918777,0.08717180167642645,0.9543109761995533,800,8,0.025,1.0,1.0,5,0.001,8.0
stage2,20,validation,30.0,10182,0.24292622524049884,0.025881332612475775,0.10653988710709622,0.9398793528321503,800,8,0.025,1.0,1.0,5,0.001,8.0
stage2,20,validation,45.0,10105,0.24047493207258544,0.0306595856759295,0.12749597395322332,0.9248041148202045,800,8,0.025,1.0,1.0,5,0.001,8.0
stage2,20,validation,60.0,10084,0.24538690556167989,0.0365604478872937,0.14899103032253672,0.9071795989009029,800,8,0.025,1.0,1.0,5,0.001,8.0
stage2,20,validation,90.0,9989,0.23830317805463633,0.04431444198466718,0.18595825010150346,0.8840604073636336,800,8,0.025,1.0,1.0,5,0.001,8.0
stage2,20,validation,120.0,9948,0.24625713515464295,0.05145343590062741,0.20894190890475525,0.8697930328382539,800,8,0.025,1.0,1.0,5,0.001,8.0
stage2,21,validation,5.0,10033,0.24673761397355856,0.014672019439855289,0.0594640565885816,0.9721703798546233,800,7,0.025,0.75,0.9,12,0.05,15.0
stage2,21,validation,10.0,10226,0.24492056776600468,0.01905521090255147,0.07780159533500951,0.9513454415262877,800,7,0.025,0.75,0.9,12,0.05,15.0
stage2,21,validation,15.0,10050,0.24787172644001382,0.019678231410642007,0.07938876972079442,0.9595700473474327,800,7,0.025,0.75,0.9,12,0.05,15.0
stage2,21,validation,20.0,10014,0.24464012772246985,0.021482107155666376,0.08781105273144965,0.9555177582891169,800,7,0.025,0.75,0.9,12,0.05,15.0
stage2,21,validation,30.0,10182,0.24292622524049884,0.02570590218964932,0.10581773196451012,0.9413109509873777,800,7,0.025,0.75,0.9,12,0.05,15.0
stage2,21,validation,45.0,10105,0.24047493207258544,0.030504575701192495,0.12685137464550747,0.9260440053621427,800,7,0.025,0.75,0.9,12,0.05,15.0
stage2,21,validation,60.0,10084,0.24538690556167989,0.0364885054269352,0.14869785061845336,0.9092357316641057,800,7,0.025,0.75,0.9,12,0.05,15.0
stage2,21,validation,90.0,9989,0.23830317805463633,0.044132157934392464,0.1851933251359081,0.8863035169591823,800,7,0.025,0.75,0.9,12,0.05,15.0
stage2,21,validation,120.0,9948,0.24625713515464295,0.050758993365372235,0.20612191940549024,0.8739748860296126,800,7,0.025,0.75,0.9,12,0.05,15.0
stage2,22,validation,5.0,10033,0.24673761397355856,0.014822522855240971,0.060074030126713536,0.971430174549786,800,7,0.02,1.0,1.0,3,0.0,5.0
stage2,22,validation,10.0,10226,0.24492056776600468,0.019300694853216498,0.07880389560282353,0.9498203750112245,800,7,0.02,1.0,1.0,3,0.0,5.0
stage2,22,validation,15.0,10050,0.24787172644001382,0.019994945390852916,0.08066650310636293,0.9579604322694983,800,7,0.02,1.0,1.0,3,0.0,5.0
stage2,22,validation,20.0,10014,0.24464012772246985,0.021371839181172057,0.08736031729601278,0.9545348274229282,800,7,0.02,1.0,1.0,3,0.0,5.0
stage2,22,validation,30.0,10182,0.24292622524049884,0.026016840748028156,0.10709770310830494,0.9401010755109591,800,7,0.02,1.0,1.0,3,0.0,5.0
stage2,22,validation,45.0,10105,0.24047493207258544,0.030601079224096953,0.12725267852393138,0.9249093822849856,800,7,0.02,1.0,1.0,3,0.0,5.0
stage2,22,validation,60.0,10084,0.24538690556167989,0.03662533036248939,0.14925543919572892,0.9075278531848613,800,7,0.02,1.0,1.0,3,0.0,5.0
stage2,22,validation,90.0,9989,0.23830317805463633,0.04454916923466488,0.18694324430894071,0.8839950060304227,800,7,0.02,1.0,1.0,3,0.0,5.0
stage2,22,validation,120.0,9948,0.24625713515464295,0.051063359093749865,0.20735788655091528,0.8707996744512004,800,7,0.02,1.0,1.0,3,0.0,5.0
stage2,23,validation,5.0,10033,0.24673761397355856,0.014215296055427163,0.05761300770684495,0.971885077971129,500,9,0.02,0.85,0.9,7,0.05,15.0
stage2,23,validation,10.0,10226,0.24492056776600468,0.01861817761880824,0.07601720749151583,0.9508197946512191,500,9,0.02,0.85,0.9,7,0.05,15.0
stage2,23,validation,15.0,10050,0.24787172644001382,0.01947760762506843,0.07857938420331334,0.9589943168791513,500,9,0.02,0.85,0.9,7,0.05,15.0
stage2,23,validation,20.0,10014,0.24464012772246985,0.021007644939721765,0.08587162349569132,0.9556854352892482,500,9,0.02,0.85,0.9,7,0.05,15.0
stage2,23,validation,30.0,10182,0.24292622524049884,0.025466640251099723,0.10483281591309276,0.9416794787195624,500,9,0.02,0.85,0.9,7,0.05,15.0
stage2,23,validation,45.0,10105,0.24047493207258544,0.030248000408776524,0.12578442230164102,0.9265642414938846,500,9,0.02,0.85,0.9,7,0.05,15.0
stage2,23,validation,60.0,10084,0.24538690556167989,0.03604418638683185,0.146887162965474,0.9096027931321593,500,9,0.02,0.85,0.9,7,0.05,15.0
stage2,23,validation,90.0,9989,0.23830317805463633,0.04372579677703379,0.18348809753182843,0.8865537291034298,500,9,0.02,0.85,0.9,7,0.05,15.0
stage2,23,validation,120.0,9948,0.24625713515464295,0.050664203316946654,0.20573699635192652,0.8726697523182346,500,9,0.02,0.85,0.9,7,0.05,15.0
stage2,24,validation,5.0,10033,0.24673761397355856,0.01593618346294953,0.06458757222422244,0.9707045724026454,300,9,0.015,0.8,1.0,5,0.001,5.0
stage2,24,validation,10.0,10226,0.24492056776600468,0.019940976827645878,0.08141813898903477,0.9497938572736171,300,9,0.015,0.8,1.0,5,0.001,5.0
stage2,24,validation,15.0,10050,0.24787172644001382,0.020600718864162124,0.0831104021424065,0.9582784839443931,300,9,0.015,0.8,1.0,5,0.001,5.0
stage2,24,validation,20.0,10014,0.24464012772246985,0.022244919880965032,0.09092915413370212,0.9537602843147013,300,9,0.015,0.8,1.0,5,0.001,5.0
stage2,24,validation,30.0,10182,0.24292622524049884,0.02680864502472881,0.11035714648835482,0.9398924197172431,300,9,0.015,0.8,1.0,5,0.001,5.0
stage2,24,validation,45.0,10105,0.24047493207258544,0.031439844163923446,0.13074063018940194,0.923988084160844,300,9,0.015,0.8,1.0,5,0.001,5.0
stage2,24,validation,60.0,10084,0.24538690556167989,0.037150934001199946,0.15139737760726507,0.9077650925567762,300,9,0.015,0.8,1.0,5,0.001,5.0
stage2,24,validation,90.0,9989,0.23830317805463633,0.04492380813979668,0.1885153547112867,0.8842590866654385,300,9,0.015,0.8,1.0,5,0.001,5.0
stage2,24,validation,120.0,9948,0.24625713515464295,0.051349995862003846,0.20852186000522344,0.8702549913424734,300,9,0.015,0.8,1.0,5,0.001,5.0
stage2,25,validation,5.0,10033,0.24673761397355856,0.014805858677484712,0.06000649207490257,0.9701319576876131,800,8,0.025,0.7,0.9,3,0.001,3.0
stage2,25,validation,10.0,10226,0.24492056776600468,0.019214837567736797,0.07845334404946551,0.9488882654446046,800,8,0.025,0.7,0.9,3,0.001,3.0
stage2,25,validation,15.0,10050,0.24787172644001382,0.020228014978253887,0.0816067861743367,0.9558616959425809,800,8,0.025,0.7,0.9,3,0.001,3.0
stage2,25,validation,20.0,10014,0.24464012772246985,0.021340115850920008,0.08723064384240815,0.9538732425880656,800,8,0.025,0.7,0.9,3,0.001,3.0
stage2,25,validation,30.0,10182,0.24292622524049884,0.025958047240652635,0.10685568104042273,0.9384473129228043,800,8,0.025,0.7,0.9,3,0.001,3.0
stage2,25,validation,45.0,10105,0.24047493207258544,0.030564215650272092,0.12709938365237392,0.9246131553132335,800,8,0.025,0.7,0.9,3,0.001,3.0
stage2,25,validation,60.0,10084,0.24538690556167989,0.0362459498060937,0.14770938866166597,0.9090753887372355,800,8,0.025,0.7,0.9,3,0.001,3.0
stage2,25,validation,90.0,9989,0.23830317805463633,0.04410308760139848,0.18507133627603933,0.8840908635879612,800,8,0.025,0.7,0.9,3,0.001,3.0
stage2,25,validation,120.0,9948,0.24625713515464295,0.0510405740708204,0.20726536121996333,0.8712921785064134,800,8,0.025,0.7,0.9,3,0.001,3.0
stage2,26,validation,5.0,10033,0.24673761397355856,0.015092167953169694,0.061166871601453655,0.9714668444193935,800,7,0.015,0.7,1.0,5,0.05,3.0
stage2,26,validation,10.0,10226,0.24492056776600468,0.019371244050475914,0.079091944899389,0.9502874446016704,800,7,0.015,0.7,1.0,5,0.05,3.0
stage2,26,validation,15.0,10050,0.24787172644001382,0.020097546862910102,0.08108043281722899,0.9581760235091297,800,7,0.015,0.7,1.0,5,0.05,3.0
stage2,26,validation,20.0,10014,0.24464012772246985,0.02154756692275184,0.08807862848729509,0.9543773161916532,800,7,0.015,0.7,1.0,5,0.05,3.0
stage2,26,validation,30.0,10182,0.24292622524049884,0.025889088975805875,0.10657181599135901,0.9407586079426855,800,7,0.015,0.7,1.0,5,0.05,3.0
stage2,26,validation,45.0,10105,0.24047493207258544,0.030614042542921303,0.12730658567638434,0.9253720226761954,800,7,0.015,0.7,1.0,5,0.05,3.0
stage2,26,validation,60.0,10084,0.24538690556167989,0.03656584840490534,0.14901303849611583,0.9084373867397018,800,7,0.015,0.7,1.0,5,0.05,3.0
stage2,26,validation,90.0,9989,0.23830317805463633,0.04423030251433164,0.18560517268548912,0.8851059034774978,800,7,0.015,0.7,1.0,5,0.05,3.0
stage2,26,validation,120.0,9948,0.24625713515464295,0.050760193282339675,0.20612679202356357,0.8721518177265435,800,7,0.015,0.7,1.0,5,0.05,3.0
stage2,27,validation,5.0,10033,0.24673761397355856,0.014747734849150436,0.05977092268846721,0.9708771177389012,500,8,0.015,0.9,1.0,3,0.001,3.0
stage2,27,validation,10.0,10226,0.24492056776600468,0.019027946475071878,0.07769027586630062,0.949392760200182,500,8,0.015,0.9,1.0,3,0.001,3.0
stage2,27,validation,15.0,10050,0.24787172644001382,0.019841563494779002,0.08004770765810097,0.9571435395238137,500,8,0.015,0.9,1.0,3,0.001,3.0
stage2,27,validation,20.0,10014,0.24464012772246985,0.021411194336290157,0.08752118687813933,0.9533791914343152,500,8,0.015,0.9,1.0,3,0.001,3.0
stage2,27,validation,30.0,10182,0.24292622524049884,0.025740602141998782,0.10596057348898986,0.9399447710426831,500,8,0.015,0.9,1.0,3,0.001,3.0
stage2,27,validation,45.0,10105,0.24047493207258544,0.030644441462961056,0.1274329976885544,0.9239167459257343,500,8,0.015,0.9,1.0,3,0.001,3.0
stage2,27,validation,60.0,10084,0.24538690556167989,0.0363982414991421,0.14833000732385504,0.9080610223388054,500,8,0.015,0.9,1.0,3,0.001,3.0
stage2,27,validation,90.0,9989,0.23830317805463633,0.04416180257063709,0.18531772396468843,0.8839951204572222,500,8,0.015,0.9,1.0,3,0.001,3.0
stage2,27,validation,120.0,9948,0.24625713515464295,0.05062697771230387,0.2055858307638943,0.8715631806946642,500,8,0.015,0.9,1.0,3,0.001,3.0
stage2,28,validation,5.0,10033,0.24673761397355856,0.015118214283420252,0.061272434469761806,0.9715229041642601,200,7,0.05,0.9,0.6,2,1.0,2.0
stage2,28,validation,10.0,10226,0.24492056776600468,0.01938437896759108,0.07914557419330652,0.9491396518617135,200,7,0.05,0.9,0.6,2,1.0,2.0
stage2,28,validation,15.0,10050,0.24787172644001382,0.020415387438401173,0.0823627112765594,0.9565830523846742,200,7,0.05,0.9,0.6,2,1.0,2.0
stage2,28,validation,20.0,10014,0.24464012772246985,0.021612903913265015,0.08834570237709985,0.9537011963943779,200,7,0.05,0.9,0.6,2,1.0,2.0
stage2,28,validation,30.0,10182,0.24292622524049884,0.02617061309406575,0.1077307032954414,0.9399716864120764,200,7,0.05,0.9,0.6,2,1.0,2.0
stage2,28,validation,45.0,10105,0.24047493207258544,0.030827605409843452,0.12819467353270064,0.9236838494609887,200,7,0.05,0.9,0.6,2,1.0,2.0
stage2,28,validation,60.0,10084,0.24538690556167989,0.036630256073326456,0.1492755124381287,0.9081910840164787,200,7,0.05,0.9,0.6,2,1.0,2.0
stage2,28,validation,90.0,9989,0.23830317805463633,0.04428328571895669,0.18582750796887718,0.8862245359112938,200,7,0.05,0.9,0.6,2,1.0,2.0
stage2,28,validation,120.0,9948,0.24625713515464295,0.05075787173056766,0.2061173646753141,0.872253676634712,200,7,0.05,0.9,0.6,2,1.0,2.0
stage2,29,validation,5.0,10033,0.24673761397355856,0.014924967868190718,0.06048922832572313,0.971306549925161,200,7,0.04,1.0,0.8,1,1.0,2.0
stage2,29,validation,10.0,10226,0.24492056776600468,0.019327998831124696,0.07891537655420808,0.9494137519117356,200,7,0.04,1.0,0.8,1,1.0,2.0
stage2,29,validation,15.0,10050,0.24787172644001382,0.019810110227213622,0.07992081433300448,0.9585019839161011,200,7,0.04,1.0,0.8,1,1.0,2.0
stage2,29,validation,20.0,10014,0.24464012772246985,0.021697467005847494,0.0886913655901211,0.9537963672724801,200,7,0.04,1.0,0.8,1,1.0,2.0
stage2,29,validation,30.0,10182,0.24292622524049884,0.026136076268374223,0.10758853327795015,0.9399051734789537,200,7,0.04,1.0,0.8,1,1.0,2.0
stage2,29,validation,45.0,10105,0.24047493207258544,0.030835249820153156,0.12822646233598178,0.9238086694686073,200,7,0.04,1.0,0.8,1,1.0,2.0
stage2,29,validation,60.0,10084,0.24538690556167989,0.03658394960773448,0.14908680446495473,0.9080679268886445,200,7,0.04,1.0,0.8,1,1.0,2.0
stage2,29,validation,90.0,9989,0.23830317805463633,0.04441584421145441,0.18638376782902613,0.8847176399747407,200,7,0.04,1.0,0.8,1,1.0,2.0
stage2,29,validation,120.0,9948,0.24625713515464295,0.051079018629929876,0.2074214767334705,0.8717499886297964,200,7,0.04,1.0,0.8,1,1.0,2.0
stage2,30,validation,5.0,10033,0.24673761397355856,0.014823969046557396,0.06007989137864483,0.9710099482901052,800,9,0.0075,0.6,0.8,1,0.001,2.0
stage2,30,validation,10.0,10226,0.24492056776600468,0.018997680398900547,0.07756670079685098,0.9499432200882412,800,9,0.0075,0.6,0.8,1,0.001,2.0
stage2,30,validation,15.0,10050,0.24787172644001382,0.019822753435201568,0.07997182139286375,0.9575736223030031,800,9,0.0075,0.6,0.8,1,0.001,2.0
stage2,30,validation,20.0,10014,0.24464012772246985,0.021498812094950834,0.08787933645677294,0.9535069347878569,800,9,0.0075,0.6,0.8,1,0.001,2.0
stage2,30,validation,30.0,10182,0.24292622524049884,0.026121648554780497,0.10752914193977971,0.9394517372863064,800,9,0.0075,0.6,0.8,1,0.001,2.0
stage2,30,validation,45.0,10105,0.24047493207258544,0.030740632720819325,0.1278330030322683,0.9240890070809509,800,9,0.0075,0.6,0.8,1,0.001,2.0
stage2,30,validation,60.0,10084,0.24538690556167989,0.03637163477987724,0.14822157969930858,0.9089581561508928,800,9,0.0075,0.6,0.8,1,0.001,2.0
stage2,30,validation,90.0,9989,0.23830317805463633,0.04420656865432616,0.1855055774547447,0.884687473530477,800,9,0.0075,0.6,0.8,1,0.001,2.0
stage2,30,validation,120.0,9948,0.24625713515464295,0.050882422542382275,0.2066231401190851,0.871046562904119,800,9,0.0075,0.6,0.8,1,0.001,2.0
stage2,31,validation,5.0,10033,0.24673761397355856,0.014857443419119138,0.060215559273063754,0.9714672489358179,500,8,0.025,0.6,1.0,7,0.001,3.0
stage2,31,validation,10.0,10226,0.24492056776600468,0.018977718366398704,0.07748519668846218,0.9506871199261542,500,8,0.025,0.6,1.0,7,0.001,3.0
stage2,31,validation,15.0,10050,0.24787172644001382,0.019548774129311292,0.07886649441658765,0.9590421987864941,500,8,0.025,0.6,1.0,7,0.001,3.0
stage2,31,validation,20.0,10014,0.24464012772246985,0.021282856270939815,0.08699658747351535,0.9550530201981419,500,8,0.025,0.6,1.0,7,0.001,3.0
stage2,31,validation,30.0,10182,0.24292622524049884,0.02583166988476934,0.10633545167548619,0.940893387036133,500,8,0.025,0.6,1.0,7,0.001,3.0
stage2,31,validation,45.0,10105,0.24047493207258544,0.030408827335578547,0.12645321104155624,0.9260594171483557,500,8,0.025,0.6,1.0,7,0.001,3.0
stage2,31,validation,60.0,10084,0.24538690556167989,0.03628118330333275,0.147852972106587,0.9095196979430012,500,8,0.025,0.6,1.0,7,0.001,3.0
stage2,31,validation,90.0,9989,0.23830317805463633,0.04409422654642805,0.18503415231969111,0.8858331666999572,500,8,0.025,0.6,1.0,7,0.001,3.0
stage2,31,validation,120.0,9948,0.24625713515464295,0.05114916782114546,0.2077063382915794,0.8711888801216903,500,8,0.025,0.6,1.0,7,0.001,3.0
stage2,32,validation,5.0,10033,0.24673761397355856,0.015322922941546132,0.062102095804445125,0.9713123441775189,300,7,0.02,1.0,0.9,7,0.001,8.0
stage2,32,validation,10.0,10226,0.24492056776600468,0.019469744907207688,0.07949411960292752,0.9503470226417245,300,7,0.02,1.0,0.9,7,0.001,8.0
stage2,32,validation,15.0,10050,0.24787172644001382,0.020123953741266486,0.08118696726847781,0.9590068654306116,300,7,0.02,1.0,0.9,7,0.001,8.0
stage2,32,validation,20.0,10014,0.24464012772246985,0.02184267267886076,0.08928491364932582,0.9540648715857192,300,7,0.02,1.0,0.9,7,0.001,8.0
stage2,32,validation,30.0,10182,0.24292622524049884,0.026308223157327112,0.10829717183182576,0.9409985296856611,300,7,0.02,1.0,0.9,7,0.001,8.0
stage2,32,validation,45.0,10105,0.24047493207258544,0.030824901947765507,0.12818343135433866,0.9242124156020317,300,7,0.02,1.0,0.9,7,0.001,8.0
stage2,32,validation,60.0,10084,0.24538690556167989,0.036721064640604914,0.14964557524596517,0.9082841764692653,300,7,0.02,1.0,0.9,7,0.001,8.0
stage2,32,validation,90.0,9989,0.23830317805463633,0.04435910016904433,0.18614565080988563,0.8855137750040808,300,7,0.02,1.0,0.9,7,0.001,8.0
stage2,32,validation,120.0,9948,0.24625713515464295,0.050868589925378106,0.20656696868269006,0.871479090133359,300,7,0.02,1.0,0.9,7,0.001,8.0
stage2,33,validation,5.0,10033,0.24673761397355856,0.01446258402961767,0.05861523825535389,0.970395357460131,200,9,0.04,1.0,0.8,1,1.0,5.0
stage2,33,validation,10.0,10226,0.24492056776600468,0.018962944395544037,0.07742487520958671,0.9488987657351015,200,9,0.04,1.0,0.8,1,1.0,5.0
stage2,33,validation,15.0,10050,0.24787172644001382,0.020071986429295207,0.08097731321588518,0.956631424234936,200,9,0.04,1.0,0.8,1,1.0,5.0
stage2,33,validation,20.0,10014,0.24464012772246985,0.021414079949545552,0.08753298221720435,0.9528856246107407,200,9,0.04,1.0,0.8,1,1.0,5.0
stage2,33,validation,30.0,10182,0.24292622524049884,0.02598999577839991,0.10698719643245438,0.9387634022493939,200,9,0.04,1.0,0.8,1,1.0,5.0
stage2,33,validation,45.0,10105,0.24047493207258544,0.03063413663153928,0.1273901456900822,0.9237927147385236,200,9,0.04,1.0,0.8,1,1.0,5.0
stage2,33,validation,60.0,10084,0.24538690556167989,0.036305829689583215,0.14795341098776546,0.9079653384982882,200,9,0.04,1.0,0.8,1,1.0,5.0
stage2,33,validation,90.0,9989,0.23830317805463633,0.044026970979842,0.18475192542227797,0.8842798832298415,200,9,0.04,1.0,0.8,1,1.0,5.0
stage2,33,validation,120.0,9948,0.24625713515464295,0.050630705854519356,0.20560096998905072,0.8719188947726373,200,9,0.04,1.0,0.8,1,1.0,5.0
stage2,34,validation,5.0,10033,0.24673761397355856,0.015001206576081123,0.06079821529638653,0.9708108796078218,800,7,0.015,1.0,1.0,5,0.0,8.0
stage2,34,validation,10.0,10226,0.24492056776600468,0.01931840512934958,0.07887620588813203,0.9496922810494904,800,7,0.015,1.0,1.0,5,0.0,8.0
stage2,34,validation,15.0,10050,0.24787172644001382,0.020336013059123515,0.08204248766567142,0.9579468189464564,800,7,0.015,1.0,1.0,5,0.0,8.0
stage2,34,validation,20.0,10014,0.24464012772246985,0.021417055364799077,0.08754514463422572,0.954381927382795,800,7,0.015,1.0,1.0,5,0.0,8.0
stage2,34,validation,30.0,10182,0.24292622524049884,0.02591267929426802,0.10666892497347402,0.9404620889900692,800,7,0.015,1.0,1.0,5,0.0,8.0
stage2,34,validation,45.0,10105,0.24047493207258544,0.030655184705488284,0.1274776727922529,0.9246907738168441,800,7,0.015,1.0,1.0,5,0.0,8.0
stage2,34,validation,60.0,10084,0.24538690556167989,0.03666779878288652,0.14942850637834784,0.9076379901713142,800,7,0.015,1.0,1.0,5,0.0,8.0
stage2,34,validation,90.0,9989,0.23830317805463633,0.044556075281419825,0.1869722243956157,0.8845909904909377,800,7,0.015,1.0,1.0,5,0.0,8.0
stage2,34,validation,120.0,9948,0.24625713515464295,0.05133222159071204,0.2084496823146942,0.8707485412290841,800,7,0.015,1.0,1.0,5,0.0,8.0
stage2,35,validation,5.0,10033,0.24673761397355856,0.015487756540402865,0.0627701479761517,0.9709698477669344,500,7,0.0125,0.8,0.8,2,0.001,2.0
stage2,35,validation,10.0,10226,0.24492056776600468,0.019504363176934325,0.07963546448891402,0.950006678091183,500,7,0.0125,0.8,0.8,2,0.001,2.0
stage2,35,validation,15.0,10050,0.24787172644001382,0.0202901291709094,0.08185737624181882,0.9578158783129486,500,7,0.0125,0.8,0.8,2,0.001,2.0
stage2,35,validation,20.0,10014,0.24464012772246985,0.02186513221770339,0.089376720087835,0.9533078008621163,500,7,0.0125,0.8,0.8,2,0.001,2.0
stage2,35,validation,30.0,10182,0.24292622524049884,0.026357197427760274,0.10849877324552525,0.9398347092820097,500,7,0.0125,0.8,0.8,2,0.001,2.0
stage2,35,validation,45.0,10105,0.24047493207258544,0.030837917891723673,0.1282375573451269,0.9239343744947688,500,7,0.0125,0.8,0.8,2,0.001,2.0
stage2,35,validation,60.0,10084,0.24538690556167989,0.03679643663055684,0.1499527309590192,0.9075354660738715,500,7,0.0125,0.8,0.8,2,0.001,2.0
stage2,35,validation,90.0,9989,0.23830317805463633,0.04433414866276766,0.18604094592730552,0.8849806839707441,500,7,0.0125,0.8,0.8,2,0.001,2.0
stage2,35,validation,120.0,9948,0.24625713515464295,0.050758600745518564,0.20612032505634206,0.871427537716124,500,7,0.0125,0.8,0.8,2,0.001,2.0
stage2,36,validation,5.0,10033,0.24673761397355856,0.01499137046821868,0.06075835064946854,0.9710617576871796,500,8,0.0125,0.8,0.6,1,0.01,1.0
stage2,36,validation,10.0,10226,0.24492056776600468,0.019251887680225916,0.07860461804342635,0.9498595707777391,500,8,0.0125,0.8,0.6,1,0.01,1.0
stage2,36,validation,15.0,10050,0.24787172644001382,0.02002685432144208,0.08079523473319043,0.958039240892904,500,8,0.0125,0.8,0.6,1,0.01,1.0
stage2,36,validation,20.0,10014,0.24464012772246985,0.021758193902697495,0.08893959509120644,0.9532396302515477,500,8,0.0125,0.8,0.6,1,0.01,1.0
stage2,36,validation,30.0,10182,0.24292622524049884,0.026205338221524165,0.10787364845265544,0.939944202614833,500,8,0.0125,0.8,0.6,1,0.01,1.0
stage2,36,validation,45.0,10105,0.24047493207258544,0.03087961113682277,0.1284109361033191,0.9238615425116554,500,8,0.0125,0.8,0.6,1,0.01,1.0
stage2,36,validation,60.0,10084,0.24538690556167989,0.036607437364528296,0.14918252170275947,0.9083212530887617,500,8,0.0125,0.8,0.6,1,0.01,1.0
stage2,36,validation,90.0,9989,0.23830317805463633,0.044415790638550515,0.18638354301916696,0.8850459196702576,500,8,0.0125,0.8,0.6,1,0.01,1.0
stage2,36,validation,120.0,9948,0.24625713515464295,0.05085937624810223,0.20652955381846658,0.8719103758091985,500,8,0.0125,0.8,0.6,1,0.01,1.0
stage2,37,validation,5.0,10033,0.24673761397355856,0.01443971556894973,0.05852255493763975,0.9715126072812262,500,9,0.015,0.8,0.9,7,0.05,5.0
stage2,37,validation,10.0,10226,0.24492056776600468,0.018790846392424836,0.07672220656607931,0.9507374604338328,500,9,0.015,0.8,0.9,7,0.05,5.0
stage2,37,validation,15.0,10050,0.24787172644001382,0.01954017504532117,0.07883180274717612,0.9587545372657676,500,9,0.015,0.8,0.9,7,0.05,5.0
stage2,37,validation,20.0,10014,0.24464012772246985,0.02112005263923078,0.08633110534993778,0.9549929451084314,500,9,0.015,0.8,0.9,7,0.05,5.0
stage2,37,validation,30.0,10182,0.24292622524049884,0.025736881666000383,0.1059452582384659,0.9407709660920933,500,9,0.015,0.8,0.9,7,0.05,5.0
stage2,37,validation,45.0,10105,0.24047493207258544,0.03045307703084583,0.12663722063825686,0.9256236766313646,500,9,0.015,0.8,0.9,7,0.05,5.0
stage2,37,validation,60.0,10084,0.24538690556167989,0.036208389225392934,0.1475563218930265,0.9096959838642094,500,9,0.015,0.8,0.9,7,0.05,5.0
stage2,37,validation,90.0,9989,0.23830317805463633,0.044048424295222495,0.18484195072347465,0.8854860910169944,500,9,0.015,0.8,0.9,7,0.05,5.0
stage2,37,validation,120.0,9948,0.24625713515464295,0.05085750088531134,0.2065219383526661,0.8719285157180123,500,9,0.015,0.8,0.9,7,0.05,5.0
stage2,38,validation,5.0,10033,0.24673761397355856,0.014459006302984313,0.05860073812877918,0.9720159706621244,500,8,0.02,0.95,0.9,10,0.01,8.0
stage2,38,validation,10.0,10226,0.24492056776600468,0.018762523031638157,0.07660656351884557,0.9510339955070807,500,8,0.02,0.95,0.9,10,0.01,8.0
stage2,38,validation,15.0,10050,0.24787172644001382,0.01982471799544297,0.07997974710617368,0.9587488165553186,500,8,0.02,0.95,0.9,10,0.01,8.0
stage2,38,validation,20.0,10014,0.24464012772246985,0.02116015095782887,0.08649501271448748,0.9553659133252383,500,8,0.02,0.95,0.9,10,0.01,8.0
stage2,38,validation,30.0,10182,0.24292622524049884,0.025601549877048446,0.10538816816382304,0.9416156865414582,500,8,0.02,0.95,0.9,10,0.01,8.0
stage2,38,validation,45.0,10105,0.24047493207258544,0.03041504592632293,0.1264790706631425,0.9257660651517601,500,8,0.02,0.95,0.9,10,0.01,8.0
stage2,38,validation,60.0,10084,0.24538690556167989,0.036322774124252215,0.14802246289838072,0.9092755208834205,500,8,0.02,0.95,0.9,10,0.01,8.0
stage2,38,validation,90.0,9989,0.23830317805463633,0.043973632040615725,0.18452809735728234,0.8861550982488852,500,8,0.02,0.95,0.9,10,0.01,8.0
stage2,38,validation,120.0,9948,0.24625713515464295,0.05067260914499828,0.20577113070521683,0.8733012245197131,500,8,0.02,0.95,0.9,10,0.01,8.0
stage2,39,validation,5.0,10033,0.24673761397355856,0.015746446880343285,0.06381859103991636,0.9707234659934671,800,7,0.0075,0.6,0.8,1,0.001,0.5
stage2,39,validation,10.0,10226,0.24492056776600468,0.019768493819017716,0.08071389838481997,0.9493558455636297,800,7,0.0075,0.6,0.8,1,0.001,0.5
stage2,39,validation,15.0,10050,0.24787172644001382,0.020443466446751917,0.08247599167668418,0.9576501271995719,800,7,0.0075,0.6,0.8,1,0.001,0.5
stage2,39,validation,20.0,10014,0.24464012772246985,0.0220983984639017,0.09033022779063891,0.9528617971807917,800,7,0.0075,0.6,0.8,1,0.001,0.5
stage2,39,validation,30.0,10182,0.24292622524049884,0.026551047397205246,0.10929675201151914,0.9393191885466119,800,7,0.0075,0.6,0.8,1,0.001,0.5
stage2,39,validation,45.0,10105,0.24047493207258544,0.031015603541125106,0.1289764520310304,0.9231448970516609,800,7,0.0075,0.6,0.8,1,0.001,0.5
stage2,39,validation,60.0,10084,0.24538690556167989,0.036909045158874144,0.15041163290433512,0.9075495131700831,800,7,0.0075,0.6,0.8,1,0.001,0.5
stage2,39,validation,90.0,9989,0.23830317805463633,0.044619633336493394,0.18723893529553914,0.8839658399255543,800,7,0.0075,0.6,0.8,1,0.001,0.5
stage2,39,validation,120.0,9948,0.24625713515464295,0.051148822142176247,0.20770493455978906,0.8700379127452698,800,7,0.0075,0.6,0.8,1,0.001,0.5
stage2,40,validation,5.0,10033,0.24673761397355856,0.01448496780887197,0.058705957213415545,0.9719789252216782,800,8,0.015,0.85,1.0,7,0.05,10.0
stage2,40,validation,10.0,10226,0.24492056776600468,0.01886112011712126,0.0770091311201803,0.9505533149120562,800,8,0.015,0.85,1.0,7,0.05,10.0
stage2,40,validation,15.0,10050,0.24787172644001382,0.019773490469477007,0.079773077605373,0.9586934967061445,800,8,0.015,0.85,1.0,7,0.05,10.0
stage2,40,validation,20.0,10014,0.24464012772246985,0.02116591662016713,0.08651858064830086,0.9550991259091791,800,8,0.015,0.85,1.0,7,0.05,10.0
stage2,40,validation,30.0,10182,0.24292622524049884,0.025489133638117487,0.10492540940313483,0.9417783107070962,800,8,0.015,0.85,1.0,7,0.05,10.0
stage2,40,validation,45.0,10105,0.24047493207258544,0.030313098775801454,0.12605512979894173,0.9262484435923238,800,8,0.015,0.85,1.0,7,0.05,10.0
stage2,40,validation,60.0,10084,0.24538690556167989,0.03622408442742983,0.14762028293447235,0.9091680847663364,800,8,0.015,0.85,1.0,7,0.05,10.0
stage2,40,validation,90.0,9989,0.23830317805463633,0.043952228948668716,0.18443828281044444,0.886056790802746,800,8,0.015,0.85,1.0,7,0.05,10.0
stage2,40,validation,120.0,9948,0.24625713515464295,0.05078879705621882,0.20624294611534727,0.8726000127016962,800,8,0.015,0.85,1.0,7,0.05,10.0
baseline,0,test,5.0,15809,0.24455109794709118,0.013905835013395176,0.05686269712190666,0.9793667507151698,500,5,0.04,0.85,0.85,1,0.0,1.0
baseline,0,test,10.0,15992,0.24536802342201067,0.015858397784842892,0.06463106954066256,0.9732983491549905,500,5,0.04,0.85,0.85,1,0.0,1.0
baseline,0,test,15.0,15979,0.2448677131593151,0.016954803188203447,0.06924066455904035,0.9708837975419812,500,5,0.04,0.85,0.85,1,0.0,1.0
baseline,0,test,20.0,16042,0.24382847982476244,0.018582451976457016,0.07621116282155421,0.9653041325541748,500,5,0.04,0.85,0.85,1,0.0,1.0
baseline,0,test,30.0,15984,0.244485234607997,0.021290705842031882,0.08708381050564871,0.9607826180963572,500,5,0.04,0.85,0.85,1,0.0,1.0
baseline,0,test,45.0,16012,0.24211621182388135,0.02449684397854638,0.10117804088379559,0.954619780996739,500,5,0.04,0.85,0.85,1,0.0,1.0
baseline,0,test,60.0,15839,0.24330955020490083,0.02965574878168512,0.12188485308821956,0.9379229035760703,500,5,0.04,0.85,0.85,1,0.0,1.0
baseline,0,test,90.0,16030,0.2459029817494345,0.03849976625748792,0.15656486140829992,0.9103753930779896,500,5,0.04,0.85,0.85,1,0.0,1.0
baseline,0,test,120.0,16077,0.2431277879594863,0.043434206638130954,0.17864764452744755,0.8894138654236318,500,5,0.04,0.85,0.85,1,0.0,1.0
best,23,test,5.0,15809,0.24455109794709118,0.012120160278997623,0.04956084998489694,0.9798985358398918,500,9,0.02,0.85,0.9,7,0.05,15.0
best,23,test,10.0,15992,0.24536802342201067,0.014010573065639341,0.057100240162681795,0.9744633664332785,500,9,0.02,0.85,0.9,7,0.05,15.0
best,23,test,15.0,15979,0.2448677131593151,0.015284581539234674,0.06241975041148143,0.9720566607028127,500,9,0.02,0.85,0.9,7,0.05,15.0
best,23,test,20.0,16042,0.24382847982476244,0.017187900738678503,0.07049176843915571,0.9657477888941582,500,9,0.02,0.85,0.9,7,0.05,15.0
best,23,test,30.0,15984,0.244485234607997,0.020154029681765624,0.08243454748537356,0.9620806308603036,500,9,0.02,0.85,0.9,7,0.05,15.0
best,23,test,45.0,16012,0.24211621182388135,0.02385546401829711,0.09852898258481717,0.9551611512249625,500,9,0.02,0.85,0.9,7,0.05,15.0
best,23,test,60.0,15839,0.24330955020490083,0.028933381708363543,0.11891593110092706,0.9390308358312843,500,9,0.02,0.85,0.9,7,0.05,15.0
best,23,test,90.0,16030,0.2459029817494345,0.0378416853804482,0.15388868045124965,0.9117684668144288,500,9,0.02,0.85,0.9,7,0.05,15.0
best,23,test,120.0,16077,0.2431277879594863,0.04307491653843071,0.17716986157751952,0.8936799629161214,500,9,0.02,0.85,0.9,7,0.05,15.0
